filename,width,height,class,xmin,ymin,xmax,ymax
04000.jpg,400,299,car,29,42,379,237
04001.jpg,1024,683,car,81,192,851,636
04002.jpg,649,382,car,33,40,627,317
04003.jpg,1280,782,car,131,240,1171,684
04004.jpg,420,315,car,46,65,384,232
04005.jpg,1024,685,car,308,91,802,590
04006.jpg,1600,1200,car,91,881,1473,1128
04008.jpg,300,181,car,39,60,252,150
04009.jpg,640,480,car,147,121,612,308
04010.jpg,1024,683,car,105,154,847,624
04011.jpg,480,360,car,61,113,449,274
04012.jpg,275,183,car,31,51,210,141
04013.jpg,700,416,car,32,175,661,346
04014.jpg,264,198,car,24,102,194,189
04015.jpg,1024,768,car,213,388,792,653
04016.jpg,480,341,car,190,139,406,228
04017.jpg,500,254,car,15,64,466,206
04018.jpg,640,420,car,54,102,574,344
04019.jpg,640,400,car,92,72,542,298
04020.jpg,760,506,car,109,150,621,400
04021.jpg,500,375,car,65,115,419,313
04022.jpg,120,80,car,2,5,116,75
04023.jpg,610,406,car,90,51,412,275
04024.jpg,424,360,car,38,41,378,289
04025.jpg,275,183,car,13,45,242,183
04026.jpg,480,360,car,28,44,366,254
04027.jpg,640,441,car,109,33,625,342
04028.jpg,700,500,car,17,115,582,377
04029.jpg,1280,782,car,44,340,1157,683
04030.jpg,300,200,car,9,37,297,137
04031.jpg,800,600,car,115,110,701,486
04032.jpg,480,360,car,66,122,384,360
04033.jpg,208,144,car,14,70,168,109
04034.jpg,300,225,car,31,20,275,198
04035.jpg,300,225,car,93,32,261,171
04036.jpg,448,298,car,28,83,352,210
04037.jpg,300,199,car,9,22,285,147
04038.jpg,500,335,car,9,124,468,272
04039.jpg,786,492,car,97,18,693,464
04040.jpg,1024,768,car,52,346,943,641
04041.jpg,273,185,car,10,59,212,113
04042.jpg,1024,768,car,91,157,938,575
04043.jpg,640,480,car,27,103,564,377
04044.jpg,1600,1200,car,230,302,1471,864
04045.jpg,750,469,car,48,81,715,393
04046.jpg,800,600,car,56,146,664,493
04047.jpg,101,57,car,3,21,92,51
04048.jpg,550,358,car,136,116,413,257
04049.jpg,639,425,car,67,44,563,382
04050.jpg,1280,782,car,82,371,1051,690
04051.jpg,400,300,car,34,58,385,240
04052.jpg,408,272,car,51,37,360,253
04053.jpg,480,360,car,42,79,380,289
04054.jpg,1280,1024,car,125,175,1144,844
04055.jpg,800,500,car,305,178,615,430
04055.jpg,800,500,car,176,147,672,419
04056.jpg,720,303,car,28,50,633,270
04057.jpg,665,410,car,38,94,598,333
04058.jpg,505,294,car,79,89,505,215
04059.jpg,400,300,car,34,120,381,203
04060.jpg,640,480,car,21,56,550,345
04061.jpg,259,194,car,6,50,230,151
04062.jpg,440,330,car,30,17,420,280
04063.jpg,640,480,car,86,87,506,376
04064.jpg,640,480,car,131,111,575,367
04065.jpg,640,480,car,55,169,596,359
04066.jpg,424,360,car,39,62,358,265
04067.jpg,640,480,car,20,129,526,369
04068.jpg,640,480,car,38,75,612,371
04069.jpg,300,225,car,24,70,272,172
04070.jpg,640,480,car,36,52,558,327
04071.jpg,924,693,car,64,188,806,529
04072.jpg,640,367,car,33,97,535,244
04073.jpg,640,480,car,34,135,575,320
04075.jpg,1024,768,car,53,255,706,514
04076.jpg,800,533,car,51,1,569,448
04077.jpg,274,184,car,33,46,268,142
04078.jpg,3072,2304,car,430,772,2630,1818
04079.jpg,300,225,car,49,15,296,167
04080.jpg,480,360,car,17,20,427,314
04081.jpg,640,426,car,35,63,552,352
04082.jpg,429,262,car,13,41,389,225
04083.jpg,500,500,car,94,108,390,378
04084.jpg,520,318,car,10,118,507,255
04085.jpg,1200,800,car,116,331,998,641
04086.jpg,1280,800,car,102,270,1115,680
04087.jpg,640,480,car,27,59,585,387
04088.jpg,440,330,car,43,46,378,246
04089.jpg,1024,634,car,522,259,893,513
04090.jpg,1920,1200,car,182,395,1510,901
04091.jpg,300,225,car,33,95,298,194
04092.jpg,1024,768,car,239,128,919,641
04093.jpg,1530,1177,car,162,208,1157,810
04094.jpg,1280,1024,car,133,308,1036,778
04095.jpg,266,199,car,9,39,266,154
04096.jpg,600,400,car,63,113,479,275
04097.jpg,665,450,car,154,223,453,344
04098.jpg,429,262,car,28,52,421,208
04099.jpg,150,150,car,4,24,139,131
04100.jpg,300,199,car,37,18,216,172
04101.jpg,1024,768,car,42,162,956,740
04102.jpg,1024,768,car,113,147,933,574
04103.jpg,800,600,car,128,62,741,430
04104.jpg,2656,1712,car,142,249,2391,1346
04105.jpg,1024,768,car,85,262,775,560
04106.jpg,797,373,car,209,30,698,209
04107.jpg,462,347,car,21,89,434,275
04108.jpg,300,200,car,17,37,270,162
04109.jpg,480,320,car,42,56,437,255
04110.jpg,750,469,car,173,19,591,378
04111.jpg,2001,1460,car,73,131,2001,1189
04112.jpg,259,194,car,8,1,238,157
04113.jpg,259,194,car,10,23,243,161
04114.jpg,2824,2017,car,177,1063,1243,1622
04114.jpg,2824,2017,car,1099,1019,1974,1647
04115.jpg,640,426,car,64,34,543,351
04116.jpg,1599,1032,car,102,98,1456,808
04117.jpg,370,280,car,12,61,355,183
04118.jpg,429,262,car,21,88,405,236
04119.jpg,1024,682,car,188,126,734,398
04120.jpg,626,382,car,137,86,504,298
04121.jpg,480,360,car,114,136,440,234
04122.jpg,259,194,car,26,33,221,161
04123.jpg,400,253,car,77,16,340,221
04124.jpg,480,360,car,15,81,433,270
04125.jpg,590,442,car,18,42,527,328
04126.jpg,620,363,car,117,122,488,291
04127.jpg,300,225,car,13,26,289,178
04128.jpg,640,480,car,74,98,568,344
04129.jpg,612,405,car,21,113,564,355
04130.jpg,300,225,car,28,53,183,146
04130.jpg,300,225,car,118,82,282,179
04131.jpg,399,249,car,44,39,332,160
04132.jpg,630,420,car,91,132,555,304
04133.jpg,259,194,car,22,59,227,127
04134.jpg,720,405,car,50,107,669,377
04135.jpg,1024,768,car,77,108,974,668
04136.jpg,2100,1386,car,167,398,1973,968
04137.jpg,4256,2832,car,268,600,3023,2300
04138.jpg,259,194,car,26,42,225,145
04139.jpg,640,480,car,48,85,477,343
04140.jpg,264,148,car,63,15,228,135
04141.jpg,701,357,car,7,20,686,318
04142.jpg,260,194,car,22,43,189,130
04143.jpg,520,390,car,10,109,453,261
04144.jpg,960,540,car,177,166,731,410
04145.jpg,640,480,car,29,191,553,374
04146.jpg,653,352,car,85,76,588,225
04147.jpg,640,400,car,44,183,597,364
04148.jpg,300,199,car,14,23,281,165
04149.jpg,580,407,car,53,86,541,317
04150.jpg,300,190,car,28,33,261,151
04151.jpg,640,480,car,34,170,605,345
04152.jpg,259,194,car,20,49,233,145
04153.jpg,653,352,car,26,34,593,320
04154.jpg,640,480,car,24,99,604,414
04155.jpg,438,319,car,79,108,346,276
04156.jpg,750,562,car,15,107,503,491
04157.jpg,259,194,car,18,28,158,168
04158.jpg,600,450,car,20,55,544,377
04159.jpg,600,402,car,17,75,554,306
04160.jpg,420,315,car,25,47,356,192
04161.jpg,1024,640,car,123,187,915,558
04162.jpg,260,194,car,22,33,228,133
04163.jpg,259,194,car,28,38,201,118
04164.jpg,480,360,car,21,187,458,337
04165.jpg,675,379,car,118,78,544,299
04166.jpg,720,538,car,92,117,719,428
04167.jpg,1600,1200,car,134,181,1467,928
04168.jpg,550,450,car,51,149,533,349
04169.jpg,300,225,car,11,41,292,177
04170.jpg,618,418,car,19,195,555,379
04171.jpg,960,720,car,128,186,721,488
04172.jpg,1024,768,car,160,97,849,615
04173.jpg,1200,703,car,128,48,989,527
04174.jpg,259,194,car,34,60,190,127
04175.jpg,625,468,car,64,66,591,406
04176.jpg,1600,1200,car,171,608,1451,986
04177.jpg,470,358,car,35,153,387,305
04178.jpg,640,400,car,77,126,546,318
04179.jpg,640,480,car,85,99,558,335
04180.jpg,640,480,car,93,147,571,400
04181.jpg,588,391,car,103,123,520,265
04182.jpg,2663,1902,car,90,250,2261,1550
04183.jpg,1024,883,car,20,74,892,659
04184.jpg,240,99,car,3,5,224,96
04185.jpg,640,480,car,48,82,640,396
04186.jpg,800,600,car,51,212,712,499
04187.jpg,640,480,car,80,124,571,378
04188.jpg,1024,768,car,39,81,966,629
04189.jpg,700,500,car,99,187,642,342
04190.jpg,640,499,car,5,121,492,336
04191.jpg,576,369,car,40,100,533,286
04192.jpg,598,400,car,139,65,568,309
04193.jpg,646,396,car,107,63,543,293
04194.jpg,640,480,car,16,1,631,428
04195.jpg,640,426,car,28,178,572,335
04196.jpg,1280,853,car,73,305,969,745
04197.jpg,600,401,car,22,38,526,335
04198.jpg,1024,683,car,182,299,882,556
04199.jpg,259,194,car,7,21,248,150
04200.jpg,259,194,car,11,51,224,142
04201.jpg,640,480,car,132,31,537,427
04202.jpg,520,318,car,60,101,469,263
04203.jpg,259,194,car,3,76,212,167
04204.jpg,640,480,car,15,23,607,401
04205.jpg,275,183,car,8,13,244,155
04206.jpg,800,600,car,14,162,670,503
04207.jpg,320,240,car,14,18,308,197
04208.jpg,512,288,car,66,6,448,246
04209.jpg,2000,1328,car,62,554,1854,1129
04210.jpg,500,375,car,54,96,347,294
04211.jpg,1024,768,car,70,153,977,601
04212.jpg,275,183,car,5,13,265,168
04213.jpg,300,166,car,6,42,287,134
04214.jpg,259,194,car,24,44,248,174
04215.jpg,600,450,car,31,143,507,336
04216.jpg,300,189,car,25,77,267,150
04217.jpg,800,500,car,160,144,765,383
04218.jpg,610,375,car,42,100,527,253
04219.jpg,640,480,car,26,107,582,384
04220.jpg,653,352,car,117,34,537,297
04221.jpg,259,194,car,20,39,250,171
04222.jpg,320,240,car,22,75,280,209
04223.jpg,450,300,car,11,43,450,246
04224.jpg,509,373,car,15,140,447,345
04225.jpg,640,480,car,32,124,587,420
04226.jpg,2560,1680,car,25,168,2123,1371
04227.jpg,300,225,car,28,42,262,172
04228.jpg,283,178,car,17,54,274,138
04229.jpg,1200,675,car,102,87,1041,608
04230.jpg,786,492,car,9,27,699,372
04231.jpg,800,512,car,15,83,715,335
04232.jpg,640,426,car,84,114,575,338
04233.jpg,550,448,car,65,58,425,386
04234.jpg,480,360,car,7,115,447,267
04235.jpg,640,480,car,2,61,636,312
04236.jpg,704,469,car,24,164,650,326
04237.jpg,2100,1575,car,92,138,1949,1455
04238.jpg,500,375,car,34,100,406,264
04239.jpg,640,480,car,53,87,495,392
04240.jpg,800,600,car,29,170,752,465
04241.jpg,1280,782,car,35,118,1069,674
04242.jpg,2592,1458,car,393,278,2592,1079
04243.jpg,640,480,car,69,123,578,340
04244.jpg,800,534,car,124,188,681,363
04245.jpg,640,480,car,3,38,609,400
04246.jpg,800,600,car,50,128,740,398
04247.jpg,671,298,car,45,61,600,229
04248.jpg,450,225,car,31,19,381,207
04249.jpg,320,160,car,17,7,289,144
04250.jpg,468,314,car,10,82,441,234
04251.jpg,640,480,car,86,169,638,375
04252.jpg,750,469,car,42,148,441,391
04253.jpg,600,450,car,30,86,495,307
04254.jpg,500,400,car,10,95,490,287
04255.jpg,500,333,car,139,144,455,271
04256.jpg,400,358,car,22,12,400,304
04257.jpg,640,480,car,81,191,633,374
04258.jpg,625,468,car,10,23,614,409
04259.jpg,1024,768,car,99,94,911,516
04260.jpg,400,266,car,54,65,357,204
04261.jpg,512,341,car,94,138,269,293
04262.jpg,509,269,car,21,31,486,207
04263.jpg,640,480,car,43,160,570,390
04264.jpg,640,480,car,67,78,579,374
04265.jpg,640,480,car,17,78,600,386
04266.jpg,640,480,car,37,178,582,418
04267.jpg,640,480,car,60,157,584,406
04268.jpg,728,546,car,81,37,676,495
04269.jpg,300,212,car,33,59,269,142
04270.jpg,1280,960,car,233,39,956,869
04271.jpg,500,333,car,10,39,483,234
04272.jpg,786,492,car,93,146,708,389
04273.jpg,1024,768,car,73,83,961,585
04274.jpg,1024,768,car,83,81,945,618
04275.jpg,1920,1440,car,266,546,1599,1272
04276.jpg,500,333,car,37,70,476,236
04277.jpg,420,200,car,25,31,388,175
04278.jpg,2100,1386,car,156,341,1881,981
04279.jpg,259,194,car,6,45,241,115
04280.jpg,500,281,car,13,69,477,214
04281.jpg,332,152,car,69,44,269,109
04282.jpg,1920,1200,car,357,294,1549,810
04283.jpg,660,372,car,77,55,627,294
04284.jpg,625,468,car,6,49,603,390
04285.jpg,259,194,car,12,35,238,142
04286.jpg,640,480,car,121,105,534,383
04287.jpg,400,300,car,26,63,371,247
04288.jpg,1024,768,car,68,75,914,599
04289.jpg,400,264,car,53,47,392,185
04290.jpg,640,480,car,137,134,453,361
04291.jpg,259,194,car,35,77,203,145
04292.jpg,580,354,car,56,80,543,320
04293.jpg,1024,768,car,74,47,994,537
04294.jpg,868,536,car,15,28,838,393
04295.jpg,482,380,car,76,219,437,362
04296.jpg,1200,800,car,195,265,956,634
04297.jpg,1777,1333,car,159,272,1579,900
04298.jpg,640,480,car,64,153,571,439
04299.jpg,600,392,car,104,13,588,341
04300.jpg,259,194,car,11,36,232,146
04301.jpg,240,160,car,49,19,222,150
04302.jpg,900,600,car,28,190,838,415
04303.jpg,4209,2122,car,174,480,3895,1721
04304.jpg,640,480,car,117,61,557,367
04305.jpg,625,468,car,30,126,614,394
04306.jpg,120,120,car,3,15,119,84
04307.jpg,259,194,car,10,40,215,116
04308.jpg,900,540,car,93,79,856,445
04309.jpg,600,400,car,56,118,542,364
04310.jpg,640,480,car,45,155,589,378
04311.jpg,640,480,car,27,111,530,363
04312.jpg,485,210,car,11,3,474,178
04313.jpg,285,214,car,24,70,250,149
04314.jpg,300,186,car,18,11,289,168
04315.jpg,400,300,car,4,51,371,243
04316.jpg,620,350,car,68,87,580,250
04317.jpg,1024,768,car,82,320,979,730
04318.jpg,396,264,car,19,26,337,236
04319.jpg,300,170,car,13,26,289,130
04320.jpg,1024,768,car,88,14,925,720
04321.jpg,700,336,car,81,37,625,283
04322.jpg,480,360,car,37,35,445,275
04323.jpg,200,103,car,11,12,183,86
04324.jpg,259,194,car,17,16,225,160
04325.jpg,480,278,car,47,25,429,226
04326.jpg,1024,680,car,97,266,766,503
04327.jpg,640,480,car,74,44,583,336
04328.jpg,221,117,car,11,16,199,100
04329.jpg,640,400,car,106,164,487,327
04330.jpg,1024,768,car,92,107,969,589
04331.jpg,525,393,car,19,107,490,277
04332.jpg,800,600,car,53,144,739,386
04333.jpg,500,268,car,56,32,285,130
04334.jpg,1280,853,car,97,286,637,758
04335.jpg,610,457,car,49,49,527,397
04336.jpg,1024,768,car,150,77,1023,654
04337.jpg,600,350,car,30,62,584,344
04338.jpg,480,360,car,42,69,397,271
04339.jpg,1000,636,car,66,213,800,431
04340.jpg,260,194,car,8,46,251,144
04341.jpg,400,266,car,49,40,397,205
04342.jpg,212,159,car,13,43,192,115
04343.jpg,1024,768,car,161,324,912,519
04344.jpg,550,367,car,66,138,494,290
04345.jpg,1600,1200,car,144,252,1464,970
04346.jpg,1024,768,car,110,110,1010,561
04347.jpg,500,328,car,67,101,471,263
04348.jpg,640,480,car,22,43,601,381
04349.jpg,640,480,car,62,191,602,361
04350.jpg,640,480,car,28,63,625,347
04351.jpg,1280,960,car,177,233,1155,673
04352.jpg,524,349,car,166,123,471,309
04353.jpg,1000,750,car,30,247,926,486
04354.jpg,720,480,car,45,58,679,407
04355.jpg,1280,960,car,143,277,1126,667
04356.jpg,624,352,car,120,130,460,324
04357.jpg,1920,1080,car,289,28,1713,999
04358.jpg,300,225,car,17,61,230,147
04359.jpg,629,457,car,60,59,606,316
04360.jpg,276,183,car,13,35,270,133
04361.jpg,300,168,car,35,48,201,142
04362.jpg,786,492,car,114,72,708,401
04363.jpg,620,400,car,37,173,601,363
04364.jpg,1614,1078,car,203,375,1002,910
04365.jpg,600,381,car,79,30,540,341
04366.jpg,650,350,car,87,71,590,287
04367.jpg,1024,768,car,23,246,985,577
04368.jpg,640,480,car,57,97,612,403
04369.jpg,781,555,car,120,43,679,544
04370.jpg,1024,768,car,138,185,801,594
04371.jpg,640,480,car,89,120,614,393
04372.jpg,259,194,car,10,34,259,137
04373.jpg,700,500,car,45,197,660,390
04374.jpg,640,480,car,16,47,616,321
04375.jpg,750,469,car,300,178,593,360
04376.jpg,260,194,car,5,67,256,152
04377.jpg,640,480,car,25,85,616,334
04378.jpg,750,469,car,81,67,673,323
04379.jpg,240,160,car,14,19,232,149
04380.jpg,510,347,car,5,105,447,240
04381.jpg,424,360,car,71,127,374,275
04382.jpg,792,454,car,48,81,723,399
04383.jpg,500,246,car,12,21,492,224
04384.jpg,300,200,car,16,51,290,162
04385.jpg,604,402,car,70,69,572,359
04386.jpg,560,300,car,48,50,546,233
04387.jpg,640,480,car,31,24,597,372
04388.jpg,641,427,car,50,167,616,391
04389.jpg,400,300,car,20,24,369,217
04390.jpg,924,693,car,88,152,819,539
04391.jpg,950,506,car,124,51,770,358
04392.jpg,400,250,car,41,50,341,211
04393.jpg,900,506,car,135,62,724,427
04394.jpg,640,480,car,45,13,613,417
04395.jpg,800,533,car,54,197,705,380
04396.jpg,786,492,car,51,33,779,363
04397.jpg,320,214,car,22,23,304,185
04398.jpg,4200,2850,car,691,211,3672,1793
04399.jpg,276,182,car,81,87,225,138
04400.jpg,625,468,car,41,93,572,322
04401.jpg,550,368,car,187,126,428,226
04402.jpg,320,213,car,12,88,229,183
04403.jpg,300,225,car,7,56,300,176
04404.jpg,320,240,car,35,44,288,193
04405.jpg,500,375,car,100,82,487,282
04406.jpg,750,469,car,51,229,468,345
04407.jpg,1024,683,car,211,251,951,528
04408.jpg,640,480,car,31,131,637,383
04409.jpg,640,480,car,66,107,571,364
04410.jpg,500,333,car,53,14,465,320
04411.jpg,500,315,car,24,68,494,275
04412.jpg,188,188,car,3,31,188,180
04413.jpg,720,518,car,33,140,699,408
04414.jpg,259,194,car,4,37,245,144
04415.jpg,600,400,car,61,75,532,343
04416.jpg,640,480,car,59,61,570,364
04417.jpg,480,360,car,77,23,426,271
04418.jpg,640,480,car,65,57,585,355
04419.jpg,424,360,car,15,72,418,254
04420.jpg,480,360,car,47,106,430,284
04421.jpg,1024,768,car,52,2,1023,619
04422.jpg,1024,768,car,96,117,935,616
04423.jpg,1200,800,car,82,43,1098,602
04424.jpg,986,603,car,238,293,886,522
04425.jpg,300,225,car,30,47,288,156
04426.jpg,563,375,car,58,28,495,269
04427.jpg,900,418,car,261,138,802,338
04428.jpg,640,480,car,10,51,640,336
04429.jpg,925,535,car,102,60,891,405
04430.jpg,640,480,car,34,158,614,305
04431.jpg,1600,1200,car,21,397,1576,947
04432.jpg,1366,768,car,111,137,1275,593
04433.jpg,1024,768,car,101,300,730,543
04434.jpg,640,480,car,65,131,599,335
04435.jpg,640,480,car,34,38,611,318
04436.jpg,900,600,car,78,1,834,593
04437.jpg,640,480,car,89,87,603,397
04438.jpg,800,532,car,141,184,629,443
04439.jpg,1024,768,car,74,189,973,612
04440.jpg,640,480,car,42,114,611,402
04441.jpg,930,620,car,36,68,850,544
04442.jpg,300,225,car,2,10,282,204
04443.jpg,986,603,car,51,109,917,435
04444.jpg,1024,1024,car,91,183,957,881
04445.jpg,527,317,car,82,50,438,272
04446.jpg,786,492,car,132,154,786,335
04447.jpg,565,338,car,2,114,559,276
04448.jpg,259,194,car,17,65,216,155
04449.jpg,800,476,car,40,94,775,455
04450.jpg,275,183,car,10,32,271,154
04451.jpg,1200,800,car,76,411,918,642
04452.jpg,700,500,car,37,100,603,340
04453.jpg,500,332,car,79,133,438,273
04454.jpg,607,342,car,56,82,563,291
04455.jpg,1600,1200,car,102,341,1481,1015
04456.jpg,300,225,car,24,118,274,193
04457.jpg,640,480,car,17,107,621,391
04458.jpg,259,194,car,19,93,233,175
04459.jpg,600,383,car,38,22,600,328
04461.jpg,640,426,car,21,170,574,350
04462.jpg,640,480,car,20,35,617,405
04463.jpg,640,480,car,128,109,536,355
04464.jpg,786,492,car,43,143,786,334
04465.jpg,600,450,car,72,36,551,412
04466.jpg,260,194,car,18,34,220,126
04467.jpg,320,240,car,5,47,314,179
04468.jpg,500,375,car,81,55,450,255
04469.jpg,276,183,car,40,55,238,146
04471.jpg,2048,1536,car,48,494,1985,1198
04473.jpg,1024,768,car,48,102,1019,647
04474.jpg,400,300,car,41,26,357,207
04475.jpg,800,600,car,197,143,736,512
04476.jpg,320,213,car,23,68,225,138
04477.jpg,500,332,car,28,131,486,266
04478.jpg,259,194,car,30,59,249,166
04479.jpg,275,183,car,35,61,235,130
04480.jpg,1500,1000,car,185,318,1438,788
04481.jpg,575,490,car,33,103,540,337
04482.jpg,500,375,car,24,83,478,290
04483.jpg,880,380,car,140,8,775,347
04484.jpg,300,200,car,31,69,257,175
04485.jpg,300,225,car,20,44,260,140
04486.jpg,750,469,car,55,140,622,416
04487.jpg,640,480,car,19,97,604,404
04488.jpg,300,225,car,36,56,287,168
04489.jpg,630,420,car,40,171,613,341
04490.jpg,640,480,car,33,44,627,345
04491.jpg,1600,1145,car,165,92,1496,1025
04493.jpg,350,221,car,16,27,333,199
04494.jpg,600,435,car,133,108,483,353
04495.jpg,300,225,car,33,67,238,181
04496.jpg,1024,681,car,153,298,950,496
04497.jpg,600,400,car,63,95,408,325
04498.jpg,640,428,car,138,46,568,253
04499.jpg,640,280,car,145,44,497,217
04500.jpg,267,189,car,30,118,218,178
04501.jpg,480,360,car,48,29,471,306
04502.jpg,510,330,car,38,75,497,262
04503.jpg,400,265,car,27,34,380,229
04504.jpg,438,329,car,35,111,410,268
04505.jpg,350,166,car,13,5,338,160
04506.jpg,1600,1200,car,502,339,1500,908
04507.jpg,300,166,car,9,39,298,147
04508.jpg,550,450,car,206,119,459,362
04509.jpg,408,271,car,98,55,359,196
04510.jpg,500,333,car,91,99,443,265
04511.jpg,1024,681,car,118,244,861,565
04512.jpg,640,480,car,45,77,636,352
04513.jpg,400,250,car,26,46,387,211
04514.jpg,625,469,car,54,114,435,398
04515.jpg,500,315,car,24,47,497,252
04516.jpg,611,234,car,257,30,591,212
04517.jpg,275,183,car,20,77,252,140
04518.jpg,480,360,car,37,88,400,264
04519.jpg,300,168,car,39,34,247,123
04520.jpg,640,319,car,86,15,614,205
04521.jpg,1600,1200,car,252,576,1440,909
04522.jpg,600,402,car,32,98,595,312
04523.jpg,625,367,car,40,53,589,327
04524.jpg,300,225,car,18,63,277,179
04525.jpg,400,200,car,16,10,389,178
04526.jpg,1000,605,car,104,57,909,491
04527.jpg,1024,683,car,221,312,947,598
04528.jpg,400,200,car,14,25,388,152
04529.jpg,640,426,car,21,57,624,320
04530.jpg,400,300,car,8,23,381,226
04531.jpg,800,451,car,33,94,776,310
04532.jpg,750,469,car,89,175,529,342
04533.jpg,1024,768,car,47,362,1009,613
04534.jpg,578,371,car,25,54,562,313
04535.jpg,617,396,car,15,38,605,338
04536.jpg,480,360,car,110,75,435,316
04537.jpg,1500,938,car,160,197,1391,809
04538.jpg,1024,768,car,34,142,955,562
04539.jpg,343,250,car,22,118,323,208
04540.jpg,1600,1066,car,295,259,1345,881
04541.jpg,640,425,car,156,131,482,306
04542.jpg,500,333,car,15,48,494,284
04543.jpg,1600,1089,car,422,355,1473,874
04544.jpg,339,200,car,17,14,327,169
04545.jpg,1200,668,car,117,68,1154,582
04546.jpg,1024,640,car,364,237,953,515
04547.jpg,300,300,car,24,61,261,213
04548.jpg,300,200,car,59,61,260,151
04550.jpg,300,199,car,18,69,287,195
04551.jpg,750,300,car,61,23,714,279
04552.jpg,500,346,car,58,102,427,276
04553.jpg,800,600,car,70,224,758,478
04554.jpg,588,392,car,71,175,540,316
04555.jpg,640,425,car,55,78,588,322
04556.jpg,259,194,car,25,36,256,165
04557.jpg,600,450,car,36,62,565,338
04558.jpg,700,500,car,62,116,679,380
04559.jpg,800,300,car,231,29,676,255
04560.jpg,480,360,car,17,64,475,289
04561.jpg,300,225,car,11,62,294,160
04562.jpg,505,337,car,6,88,489,308
04563.jpg,434,326,car,52,59,377,239
04564.jpg,380,285,car,44,37,358,197
04565.jpg,798,576,car,25,171,767,431
04566.jpg,259,194,car,8,58,255,143
04567.jpg,600,240,car,49,18,600,184
04568.jpg,300,187,car,15,14,296,170
04569.jpg,600,381,car,176,209,511,365
04570.jpg,1023,682,car,179,159,901,476
04571.jpg,440,330,car,37,74,411,254
04572.jpg,554,415,car,16,125,536,290
04573.jpg,358,269,car,12,81,339,230
04574.jpg,400,300,car,33,106,374,228
04575.jpg,588,441,car,17,231,565,397
04576.jpg,200,150,car,5,31,190,124
04577.jpg,640,480,car,58,133,599,326
04578.jpg,500,334,car,31,22,476,249
04579.jpg,300,225,car,25,46,236,131
04580.jpg,500,334,car,33,33,470,265
04581.jpg,1600,1200,car,309,327,1459,758
04582.jpg,975,472,car,339,141,802,377
04583.jpg,610,458,car,22,107,586,360
04584.jpg,640,467,car,27,61,618,347
04585.jpg,1600,1200,car,62,324,1352,1032
04586.jpg,500,384,car,34,73,495,310
04587.jpg,1600,1066,car,582,276,1228,990
04588.jpg,480,418,car,43,20,470,333
04589.jpg,640,480,car,29,100,607,378
04590.jpg,204,127,car,84,72,182,111
04591.jpg,500,374,car,53,29,467,332
04592.jpg,1024,626,car,133,54,885,539
04593.jpg,640,360,car,102,118,508,277
04594.jpg,960,403,car,81,80,614,349
04595.jpg,247,105,car,29,5,219,99
04596.jpg,500,401,car,80,106,418,280
04597.jpg,1024,764,car,45,160,959,548
04598.jpg,544,408,car,61,67,544,304
04599.jpg,500,275,car,53,100,437,230
04600.jpg,259,194,car,18,46,225,136
04601.jpg,800,533,car,102,77,727,400
04602.jpg,640,480,car,28,141,605,322
04603.jpg,640,480,car,76,74,576,383
04604.jpg,640,480,car,34,63,619,335
04605.jpg,640,426,car,18,90,611,347
04606.jpg,1024,768,car,233,222,868,446
04606.jpg,1024,768,car,142,175,964,540
04607.jpg,480,360,car,37,63,473,279
04608.jpg,600,300,car,8,61,516,259
04609.jpg,1024,605,car,163,176,731,520
04610.jpg,300,225,car,22,47,258,184
04611.jpg,1600,900,car,525,351,1407,679
04612.jpg,240,160,car,40,31,226,120
04613.jpg,620,413,car,60,144,462,342
04614.jpg,480,360,car,25,79,441,247
04615.jpg,653,435,car,353,134,640,391
04616.jpg,912,682,car,64,230,820,596
04617.jpg,1500,938,car,173,289,1411,680
04618.jpg,480,360,car,6,38,430,293
04619.jpg,259,194,car,8,43,249,155
04620.jpg,520,390,car,55,180,473,342
04621.jpg,1024,768,car,92,265,912,607
04622.jpg,480,360,car,17,72,459,250
04623.jpg,441,221,car,83,54,364,159
04624.jpg,285,214,car,18,18,276,172
04625.jpg,259,194,car,11,15,238,149
04626.jpg,640,480,car,11,40,635,324
04627.jpg,600,399,car,78,128,595,327
04628.jpg,1024,640,car,241,253,896,551
04629.jpg,720,540,car,40,155,705,355
04630.jpg,500,333,car,87,173,446,319
04631.jpg,640,480,car,58,117,579,457
04632.jpg,380,228,car,23,26,370,182
04633.jpg,289,174,car,25,15,270,158
04634.jpg,301,205,car,27,58,278,186
04635.jpg,480,360,car,76,97,406,283
04636.jpg,300,224,car,25,62,279,196
04637.jpg,640,480,car,24,71,587,337
04638.jpg,1024,768,car,20,252,1023,583
04639.jpg,259,194,car,15,87,238,169
04640.jpg,264,198,car,18,28,251,148
04641.jpg,500,375,car,15,53,477,333
04642.jpg,640,479,car,52,34,587,256
04643.jpg,480,360,car,18,22,458,346
04644.jpg,625,416,car,54,113,560,343
04645.jpg,680,510,car,171,106,539,344
04646.jpg,1280,856,car,149,113,1171,670
04647.jpg,880,380,car,313,60,802,311
04648.jpg,630,473,car,44,148,576,360
04649.jpg,640,480,car,128,121,542,398
04650.jpg,259,194,car,11,56,256,135
04651.jpg,1024,768,car,19,105,999,495
04652.jpg,590,424,car,29,137,555,370
04653.jpg,259,194,car,22,9,258,156
04654.jpg,1920,1080,car,189,46,1678,971
04655.jpg,872,556,car,46,10,779,505
04656.jpg,300,225,car,23,20,270,185
04657.jpg,300,201,car,29,17,285,153
04658.jpg,1280,850,car,179,53,1166,799
04659.jpg,600,337,car,138,101,527,244
04660.jpg,1024,680,car,294,194,903,654
04661.jpg,1024,687,car,84,265,864,661
04662.jpg,480,317,car,20,59,478,239
04663.jpg,1600,1067,car,87,470,1380,961
04664.jpg,320,255,car,6,34,304,197
04665.jpg,592,373,car,124,86,492,263
04666.jpg,300,225,car,15,43,289,151
04667.jpg,92,69,car,3,4,92,55
04668.jpg,259,194,car,13,28,256,153
04669.jpg,512,384,car,79,101,460,308
04670.jpg,786,491,car,79,50,700,429
04671.jpg,1600,1200,car,329,200,1356,791
04672.jpg,1024,768,car,42,231,745,662
04673.jpg,640,480,car,27,126,633,346
04674.jpg,592,375,car,40,47,533,349
04675.jpg,484,261,car,33,44,477,197
04676.jpg,580,309,car,25,81,576,253
04677.jpg,1417,948,car,116,177,1393,884
04678.jpg,800,600,car,46,109,766,477
04679.jpg,500,357,car,33,99,465,247
04680.jpg,275,183,car,22,39,240,118
04681.jpg,640,480,car,158,190,580,423
04682.jpg,640,480,car,28,102,620,317
04683.jpg,1024,618,car,129,50,866,580
04684.jpg,1280,960,car,322,311,909,667
04685.jpg,259,194,car,42,34,221,132
04686.jpg,432,324,car,5,129,303,260
04687.jpg,553,369,car,21,142,544,295
04688.jpg,640,480,car,133,49,500,369
04689.jpg,1024,682,car,264,257,937,501
04690.jpg,440,281,car,48,66,423,249
04691.jpg,800,534,car,50,158,744,447
04692.jpg,223,121,car,7,5,222,99
04693.jpg,636,358,car,5,154,625,329
04694.jpg,1024,768,car,71,64,1009,650
04695.jpg,480,360,car,36,92,452,244
04696.jpg,640,480,car,143,154,570,369
04697.jpg,1024,683,car,87,99,757,664
04698.jpg,640,427,car,140,100,540,349
04699.jpg,480,360,car,99,112,445,344
04700.jpg,750,469,car,35,74,721,423
04701.jpg,575,431,car,10,113,553,394
04702.jpg,297,198,car,17,27,284,182
04703.jpg,640,480,car,33,79,591,340
04704.jpg,1600,1067,car,170,314,1455,951
04705.jpg,500,375,car,31,156,484,333
04706.jpg,1024,682,car,165,91,843,636
04707.jpg,500,294,car,25,7,467,255
04708.jpg,500,333,car,61,167,307,296
04709.jpg,400,289,car,42,87,378,215
04710.jpg,630,418,car,52,157,610,367
04711.jpg,640,480,car,72,123,541,296
04712.jpg,500,362,car,170,143,454,315
04713.jpg,640,480,car,33,116,597,342
04714.jpg,600,361,car,37,120,575,329
04715.jpg,500,234,car,48,27,439,211
04716.jpg,623,389,car,118,197,376,293
04717.jpg,480,360,car,28,120,449,254
04718.jpg,429,262,car,57,36,394,209
04719.jpg,640,480,car,50,29,608,397
04720.jpg,540,295,car,38,12,514,218
04721.jpg,259,194,car,26,45,212,129
04722.jpg,640,480,car,30,107,583,366
04723.jpg,850,354,car,69,52,725,300
04724.jpg,600,401,car,46,64,557,279
04725.jpg,800,528,car,213,206,736,470
04726.jpg,1024,640,car,153,221,881,524
04727.jpg,1000,750,car,52,109,939,613
04728.jpg,260,194,car,33,52,247,140
04729.jpg,377,250,car,28,71,291,212
04730.jpg,640,480,car,62,26,631,411
04731.jpg,1024,689,car,86,141,919,582
04732.jpg,640,480,car,16,127,611,347
04733.jpg,584,328,car,34,67,565,271
04734.jpg,640,429,car,47,30,617,361
04735.jpg,620,389,car,107,70,516,299
04736.jpg,800,550,car,38,99,768,417
04737.jpg,525,350,car,114,63,480,339
04738.jpg,1600,1001,car,190,98,1413,824
04739.jpg,259,194,car,41,94,169,160
04740.jpg,640,480,car,59,43,603,352
04741.jpg,448,298,car,61,87,383,245
04742.jpg,588,341,car,36,37,565,323
04743.jpg,300,193,car,37,40,287,145
04744.jpg,280,96,car,8,3,280,88
04745.jpg,283,178,car,10,33,283,132
04746.jpg,2560,1698,car,217,97,2357,1569
04747.jpg,1333,888,],382,91,995,722
04748.jpg,434,326,],74,44,402,278
04749.jpg,640,480,],64,44,597,375
04750.jpg,276,183,],18,55,215,135
04751.jpg,1024,683,],175,247,625,479
04752.jpg,640,427,],86,133,602,380
04753.jpg,640,480,],44,100,486,347
04754.jpg,1024,640,],314,130,804,434
04755.jpg,300,199,],47,44,280,160
04756.jpg,275,183,],18,84,252,155
04757.jpg,792,447,],60,80,759,396
04758.jpg,1024,768,],78,257,972,529
04759.jpg,400,300,],32,42,359,255
04760.jpg,1599,1149,],125,170,1543,1073
04761.jpg,560,420,],81,35,523,340
04762.jpg,1623,1080,],63,284,1540,785
04763.jpg,1024,768,car,4,160,984,579
04764.jpg,275,183,car,45,34,271,124
04765.jpg,600,400,car,57,214,536,341
04766.jpg,1023,767,car,179,129,971,521
04767.jpg,380,285,car,45,57,340,212
04768.jpg,1024,768,car,54,123,1009,601
04769.jpg,480,360,car,10,74,213,182
04770.jpg,600,400,car,81,36,534,333
04771.jpg,280,180,car,9,34,269,123
04772.jpg,259,194,car,14,21,246,164
04773.jpg,1024,768,car,105,170,990,581
04774.jpg,640,426,car,34,32,613,351
04775.jpg,800,600,car,102,155,684,457
04776.jpg,1500,938,car,381,415,1049,684
04777.jpg,1600,1063,car,104,230,1496,830
04778.jpg,800,534,car,50,66,759,497
04779.jpg,300,168,car,41,46,231,134
04780.jpg,640,360,car,63,37,531,290
04781.jpg,1280,850,car,97,164,1202,742
04782.jpg,450,294,car,75,79,403,253
04783.jpg,800,533,car,166,308,716,491
04784.jpg,380,238,car,17,17,361,192
04785.jpg,640,480,car,67,84,608,377
04786.jpg,864,408,car,46,62,856,364
04787.jpg,1600,900,car,224,168,1453,658
04788.jpg,1024,768,car,76,65,908,648
04789.jpg,608,404,car,52,38,579,303
04790.jpg,1024,768,car,99,77,882,635
04791.jpg,1024,600,car,42,179,1016,468
04792.jpg,259,194,car,44,45,223,147
04793.jpg,625,469,car,41,86,570,430
04794.jpg,500,333,car,76,28,440,312
04795.jpg,259,194,car,36,35,236,139
04796.jpg,915,500,car,92,9,835,427
04797.jpg,196,146,car,8,12,176,119
04798.jpg,200,150,car,13,15,180,117
04799.jpg,300,224,car,16,38,289,155
04800.jpg,500,230,car,30,59,481,201
04801.jpg,1600,1200,car,75,308,1535,1045
04802.jpg,424,360,car,57,24,408,319
04803.jpg,433,280,car,55,87,372,239
04804.jpg,750,469,car,84,149,667,369
04805.jpg,786,492,car,428,6,574,79
04806.jpg,2048,1536,car,249,333,1924,1186
04807.jpg,695,456,car,29,77,674,408
04808.jpg,438,318,car,108,58,335,285
04809.jpg,1024,682,car,137,180,776,551
04810.jpg,1800,1200,car,135,182,1582,989
04811.jpg,1600,1063,car,639,195,1453,593
04812.jpg,480,360,car,18,64,455,223
04813.jpg,1280,850,car,99,79,1169,755
04814.jpg,1600,1071,car,101,444,1478,930
04815.jpg,625,468,car,41,102,593,372
04816.jpg,606,404,car,80,86,525,312
04817.jpg,640,480,car,76,120,561,406
04818.jpg,600,420,car,16,146,574,359
04819.jpg,512,341,car,61,141,456,287
04820.jpg,480,360,car,48,129,447,304
04821.jpg,450,225,car,15,58,413,203
04822.jpg,300,183,car,68,27,270,143
04823.jpg,264,198,car,13,41,248,169
04823.jpg,264,198,car,159,44,214,73
04824.jpg,1920,1231,car,149,394,1814,1106
04825.jpg,864,576,car,105,212,779,462
04826.jpg,500,330,car,50,99,445,259
04827.jpg,310,233,car,11,21,251,159
04828.jpg,297,204,car,17,40,272,166
04829.jpg,640,480,car,74,128,556,361
04830.jpg,640,480,car,68,174,577,438
04831.jpg,264,198,car,19,86,251,168
04832.jpg,300,221,car,55,48,232,192
04833.jpg,600,450,car,34,104,541,275
04834.jpg,259,194,car,11,43,240,147
04835.jpg,640,479,car,24,36,621,430
04836.jpg,300,225,car,37,63,272,171
04837.jpg,1600,1200,car,515,95,1540,985
04838.jpg,200,116,car,64,41,165,94
04839.jpg,1280,854,car,156,379,1114,805
04840.jpg,4608,3072,car,1054,1218,3978,2302
04841.jpg,575,431,car,88,160,459,396
04842.jpg,259,194,car,47,26,254,182
04843.jpg,640,480,car,60,84,594,408
04843.jpg,640,480,car,2,66,110,135
04843.jpg,640,480,car,113,75,185,129
04843.jpg,640,480,car,556,74,635,142
04844.jpg,630,418,car,43,147,592,344
04845.jpg,300,225,car,19,55,190,146
04846.jpg,448,299,car,25,73,423,285
04847.jpg,1496,1122,car,95,222,1455,862
04847.jpg,1496,1122,car,1364,227,1496,359
04848.jpg,377,250,car,20,98,356,203
04849.jpg,445,334,car,28,59,415,217
04850.jpg,640,428,car,34,128,627,373
04851.jpg,640,480,car,68,67,579,392
04852.jpg,1024,766,car,65,167,935,596
04853.jpg,1066,1600,car,114,151,930,1464
04854.jpg,590,417,car,19,164,548,325
04855.jpg,400,300,car,40,66,346,210
04856.jpg,682,518,car,258,200,620,401
04857.jpg,610,404,car,47,149,571,363
04858.jpg,640,480,car,118,229,562,403
04859.jpg,251,201,car,178,44,247,132
04860.jpg,800,524,car,60,240,737,450
04861.jpg,1024,768,car,72,78,992,598
04862.jpg,400,250,car,282,47,384,177
04863.jpg,640,480,car,34,89,483,417
04864.jpg,640,480,car,204,143,564,352
04865.jpg,1024,768,car,68,261,935,632
04866.jpg,800,532,car,143,157,743,419
04867.jpg,309,174,car,54,57,277,141
04868.jpg,450,297,car,11,59,427,288
04869.jpg,628,385,car,88,112,571,288
04870.jpg,500,313,car,44,20,459,277
04871.jpg,480,360,car,41,107,432,297
04872.jpg,500,375,car,98,86,422,304
04873.jpg,1200,820,car,555,344,1071,762
04874.jpg,160,120,car,45,4,145,93
04875.jpg,275,184,car,29,62,245,157
04876.jpg,500,375,car,26,35,462,316
04877.jpg,640,480,car,47,130,592,376
04877.jpg,640,480,car,124,137,202,200
04878.jpg,1200,868,car,73,116,1138,724
04879.jpg,2998,1999,car,387,183,2585,1767
04880.jpg,900,499,car,76,111,839,405
04881.jpg,480,360,car,34,83,452,251
04881.jpg,480,360,car,349,95,399,115
04881.jpg,480,360,car,437,94,476,116
04881.jpg,480,360,car,2,102,43,139
04882.jpg,420,281,car,1,99,416,258
04883.jpg,2100,1575,car,163,498,1931,1068
04884.jpg,259,194,car,40,35,226,151
04884.jpg,259,194,car,1,20,73,64
04885.jpg,1600,1131,car,320,386,1369,907
04886.jpg,1600,782,car,49,88,1534,714
04886.jpg,1600,782,car,1119,42,1334,172
04887.jpg,264,165,car,11,4,250,153
04888.jpg,259,194,car,39,33,236,149
04889.jpg,640,480,car,122,135,538,364
04890.jpg,640,424,car,47,40,602,356
04891.jpg,1280,960,car,35,255,1221,788
04892.jpg,300,182,car,8,38,286,136
04893.jpg,291,173,car,7,34,105,75
04893.jpg,291,173,car,18,41,265,116
04894.jpg,400,200,car,60,9,348,176
04895.jpg,800,533,car,147,202,741,473
04896.jpg,450,300,car,34,89,425,228
04897.jpg,810,540,car,16,73,800,475
04898.jpg,640,425,car,11,104,475,334
04899.jpg,259,194,car,24,49,231,152
04900.jpg,640,346,car,113,47,519,293
04901.jpg,700,467,car,151,81,575,336
04902.jpg,400,300,car,26,93,386,211
04903.jpg,320,242,car,7,44,312,203
04904.jpg,450,241,car,15,151,298,225
04904.jpg,450,241,car,314,146,448,201
04905.jpg,1021,434,car,119,99,951,358
04906.jpg,500,375,car,67,53,441,254
04906.jpg,500,375,car,411,62,500,185
04907.jpg,259,194,car,26,33,216,151
04907.jpg,259,194,car,2,5,44,100
04908.jpg,400,300,car,141,111,389,279
04908.jpg,400,300,car,17,10,259,105
04909.jpg,1600,900,car,207,212,1196,687
04910.jpg,1280,960,car,187,244,1071,711
04911.jpg,600,366,car,100,126,468,289
04912.jpg,1500,1000,car,351,312,1221,738
04912.jpg,1500,1000,car,250,369,529,505
04912.jpg,1500,1000,car,1245,306,1471,495
04913.jpg,400,266,car,15,4,385,246
04914.jpg,1024,768,car,35,228,991,627
04915.jpg,140,104,car,11,2,130,88
04916.jpg,259,194,car,17,28,252,161
04917.jpg,1200,900,car,33,243,1144,533
04918.jpg,275,183,car,12,62,243,170
04919.jpg,1600,1200,car,175,141,1511,1036
04919.jpg,1600,1200,car,1017,162,1600,557
04920.jpg,623,389,car,38,61,571,351
04921.jpg,1200,765,car,175,177,1057,594
04922.jpg,750,469,car,282,83,652,320
04923.jpg,800,600,car,48,297,80,324
04923.jpg,800,600,car,106,253,750,443
04924.jpg,1920,1272,car,202,281,1467,1012
04925.jpg,640,480,car,205,78,590,380
04926.jpg,640,480,car,21,48,622,338
04927.jpg,569,355,car,134,128,468,275
04928.jpg,640,360,car,190,44,594,317
04929.jpg,300,213,car,11,103,283,208
04930.jpg,504,336,car,91,36,414,249
04931.jpg,1600,1188,car,88,349,1464,786
04932.jpg,1500,938,car,143,38,1378,873
04933.jpg,400,200,car,19,17,379,157
04934.jpg,800,600,car,14,168,234,476
04935.jpg,448,299,car,54,69,266,245
04936.jpg,480,360,car,58,113,419,283
04937.jpg,500,231,car,10,6,488,216
04938.jpg,600,382,car,165,72,572,334
04939.jpg,320,213,car,27,41,296,159
04940.jpg,300,187,car,35,47,274,161
04941.jpg,200,150,car,2,39,194,136
04942.jpg,640,427,car,34,11,210,100
04942.jpg,640,427,car,93,70,554,388
04942.jpg,640,427,car,473,31,589,79
04943.jpg,259,194,car,9,61,242,155
04944.jpg,400,252,car,25,57,362,201
04945.jpg,600,300,car,83,79,426,269
04946.jpg,1024,768,car,89,168,867,630
04947.jpg,786,492,car,156,172,685,446
04948.jpg,1024,626,car,116,300,664,522
04949.jpg,640,480,car,54,98,584,389
04950.jpg,640,483,car,17,154,309,384
04951.jpg,1024,768,car,79,197,969,643
04952.jpg,586,390,car,107,236,335,325
04953.jpg,1600,1066,car,27,202,1561,695
04954.jpg,750,469,car,80,167,743,378
04955.jpg,1200,726,car,41,239,1090,603
04956.jpg,600,400,car,28,135,589,372
04957.jpg,259,194,car,28,12,237,174
04958.jpg,1200,678,car,618,311,1104,562
04959.jpg,259,194,car,16,75,249,166
04960.jpg,275,183,car,48,67,248,168
04961.jpg,750,469,car,101,86,682,404
04962.jpg,350,250,car,9,108,330,208
04963.jpg,430,286,car,18,18,399,244
04964.jpg,300,225,car,9,25,281,171
04965.jpg,480,360,car,46,85,428,263
04966.jpg,201,150,car,20,60,179,119
04967.jpg,800,600,car,15,143,794,513
04968.jpg,635,400,car,23,101,608,369
04969.jpg,363,212,car,7,38,348,173
04970.jpg,800,600,car,56,98,761,531
04971.jpg,640,480,car,116,126,564,355
04972.jpg,1280,782,car,173,159,1069,708
04973.jpg,500,375,car,45,99,451,340
04974.jpg,300,225,car,17,44,286,198
04975.jpg,640,425,car,40,97,610,328
04976.jpg,1417,944,car,110,141,1335,823
04977.jpg,640,480,car,2,129,120,203
04977.jpg,640,480,car,65,127,205,212
04977.jpg,640,480,car,38,90,587,415
04978.jpg,800,538,car,117,158,581,452
04979.jpg,646,485,car,11,180,646,406
04980.jpg,640,480,car,68,237,585,437
04980.jpg,640,480,car,541,278,637,352
04981.jpg,1024,768,car,8,277,283,417
04981.jpg,1024,768,car,83,269,939,612
04982.jpg,1024,683,car,81,251,948,565
04983.jpg,300,200,car,46,93,222,168
04984.jpg,640,480,car,15,100,619,314
04985.jpg,1042,570,car,19,109,1035,535
04986.jpg,500,375,car,23,96,471,304
04987.jpg,750,469,car,89,86,660,402
04988.jpg,640,480,car,167,208,496,364
04989.jpg,640,480,car,52,152,533,341
04990.jpg,1920,1200,car,135,329,1386,844
04991.jpg,208,125,car,14,27,185,90
04992.jpg,500,375,car,32,84,480,310
04993.jpg,640,480,car,169,86,599,375
04994.jpg,432,346,car,28,37,417,327
04995.jpg,424,360,car,24,78,395,269
04996.jpg,900,675,car,77,163,806,527
04997.jpg,500,315,car,80,36,449,284
04998.jpg,824,457,car,34,71,766,368
04999.jpg,1024,768,car,77,84,987,595
04999.jpg,1024,768,car,7,106,349,381
05000.jpg,259,194,car,17,37,253,169
05001.jpg,640,480,car,12,33,638,398
05002.jpg,500,288,car,26,48,472,213
a0001.jpg,1024,576,auto,32,171,280,472
a0001.jpg,1024,576,auto,302,159,478,369
a0001.jpg,1024,576,auto,409,132,690,399
a0001.jpg,1024,576,auto,675,138,826,390
a0001.jpg,1024,576,auto,819,120,1024,376
a0002.jpg,472,231,auto,69,37,225,156
a0002.jpg,472,231,auto,211,34,430,188
a0003.jpg,770,433,auto,167,172,296,369
a0003.jpg,770,433,auto,301,171,441,355
a0003.jpg,770,433,auto,430,149,683,389
a0004.jpg,177,170,auto,9,1,160,138
a0005.jpg,276,183,auto,5,37,73,131
a0005.jpg,276,183,auto,85,31,178,124
a0005.jpg,276,183,auto,177,35,269,136
a0006.jpg,203,248,auto,39,54,155,159
a0006.jpg,203,248,auto,3,72,35,141
a0007.jpg,226,223,auto,17,14,216,164
a0008.jpg,251,201,auto,51,99,116,176
a0008.jpg,251,201,auto,93,35,155,87
a0009.jpg,275,183,auto,126,73,215,161
a0010.jpg,262,193,auto,37,17,182,135
a0011.jpg,283,178,auto,73,1,220,168
a0012.jpg,275,183,auto,66,41,137,122
a0012.jpg,275,183,auto,114,32,241,151
a0013.jpg,271,186,auto,56,1,210,170
a0014.jpg,1300,956,auto,399,54,1149,749
a0015.jpg,660,439,auto,81,140,293,310
a0015.jpg,660,439,auto,226,136,420,369
a0015.jpg,660,439,auto,411,113,650,396
a0015.jpg,660,439,auto,56,139,122,276
a0016.jpg,1600,1131,auto,374,67,1462,972
a0017.jpg,1024,1024,auto,231,1,961,861
a0018.jpg,427,640,auto,20,101,404,516
a0019.jpg,266,189,auto,67,13,248,164
a0020.jpg,267,189,auto,13,54,137,166
a0020.jpg,267,189,auto,151,70,198,125
a0020.jpg,267,189,auto,195,70,219,120
a0021.jpg,244,206,auto,104,11,232,175
a0022.jpg,235,157,auto,27,1,124,131
a0022.jpg,235,157,auto,99,8,194,132
a0023.jpg,275,183,auto,77,6,268,169
a0024.jpg,300,168,auto,84,5,183,129
a0025.jpg,277,182,auto,104,51,178,134
a0026.jpg,301,167,auto,123,35,220,144
a0026.jpg,301,167,auto,39,45,119,88
a0026.jpg,301,167,auto,235,32,288,113
a0027.jpg,250,187,auto,20,16,232,168
a0028.jpg,245,206,auto,27,1,232,187
a0029.jpg,194,259,auto,62,60,167,234
a0030.jpg,225,225,auto,34,30,200,192
a0031.jpg,275,183,auto,26,16,239,174
a0032.jpg,261,193,auto,16,9,136,166
a0033.jpg,194,259,auto,6,23,194,213
a0034.jpg,260,194,auto,79,25,211,144
a0035.jpg,300,168,auto,18,13,130,142
a0035.jpg,300,168,auto,155,11,290,142
a0036.jpg,194,259,auto,78,1,179,231
a0037.jpg,291,173,auto,87,20,201,157
a0038.jpg,275,183,auto,69,35,229,156
a0039.jpg,259,194,auto,7,33,69,128
a0039.jpg,259,194,auto,76,59,120,121
a0039.jpg,259,194,auto,135,56,168,113
a0040.jpg,210,240,auto,24,104,210,211
a0041.jpg,241,209,auto,105,94,239,160
a0042.jpg,290,174,auto,20,16,267,170
a0043.jpg,168,300,auto,11,46,167,249
a0044.jpg,259,194,auto,5,81,56,127
a0044.jpg,259,194,auto,47,86,87,135
a0044.jpg,259,194,auto,91,82,130,131
a0044.jpg,259,194,auto,129,74,193,153
a0044.jpg,259,194,auto,198,75,259,165
a0045.jpg,243,208,auto,7,1,133,168
a0045.jpg,243,208,auto,110,8,240,164
a0046.jpg,240,160,auto,61,21,200,127
a0047.jpg,253,199,auto,43,1,194,176
a0048.jpg,221,147,auto,16,1,207,129
a0049.jpg,210,240,auto,30,82,176,217
a0050.jpg,240,180,auto,65,55,219,158
a0050.jpg,240,180,auto,5,57,71,138
a0051.jpg,248,204,auto,7,1,247,189
a0052.jpg,275,183,auto,52,95,112,146
a0052.jpg,275,183,auto,135,92,178,143
a0053.jpg,310,162,auto,118,29,289,128
a0054.jpg,240,160,auto,58,23,190,127
a0055.jpg,240,160,auto,126,66,197,132
a0055.jpg,240,160,auto,194,68,219,116
a0056.jpg,259,194,auto,16,14,196,147
a0056.jpg,259,194,auto,201,20,259,133
a0057.jpg,274,184,auto,4,72,47,125
a0057.jpg,274,184,auto,53,63,108,134
a0057.jpg,274,184,auto,116,64,178,153
a0057.jpg,274,184,auto,181,72,204,124
a0058.jpg,235,214,auto,18,20,224,190
a0059.jpg,285,177,auto,147,103,193,151
a0059.jpg,285,177,auto,193,94,208,119
a0059.jpg,285,177,auto,242,88,285,121
a0060.jpg,256,197,auto,58,43,145,150
a0061.jpg,275,183,auto,77,106,106,150
a0061.jpg,275,183,auto,126,96,197,154
a0062.jpg,225,225,auto,42,58,202,165
a0063.jpg,276,183,auto,82,11,234,129
a0064.jpg,200,200,auto,42,42,171,155
a0065.jpg,262,192,auto,66,18,262,161
a0066.jpg,290,174,auto,57,9,273,161
a0067.jpg,170,231,auto,7,12,164,169
a0068.jpg,299,168,auto,39,80,98,143
a0068.jpg,299,168,auto,96,90,163,150
a0068.jpg,299,168,auto,142,90,191,160
a0068.jpg,299,168,auto,213,90,283,158
a0069.jpg,259,194,auto,114,31,193,121
a0069.jpg,259,194,auto,5,32,119,88
a0069.jpg,259,194,auto,175,31,257,160
a0070.jpg,200,200,auto,20,9,179,155
a0071.jpg,258,195,auto,15,22,236,188
a0072.jpg,285,177,auto,107,1,265,150
a0073.jpg,275,183,auto,24,23,149,129
a0074.jpg,238,212,auto,34,20,222,185
a0075.jpg,286,176,auto,77,1,256,169
a0076.jpg,278,181,auto,17,53,75,118
a0076.jpg,278,181,auto,82,54,124,113
a0076.jpg,278,181,auto,130,44,191,112
a0076.jpg,278,181,auto,169,50,227,116
a0077.jpg,276,183,auto,82,27,194,161
a0078.jpg,194,259,auto,19,11,164,243
a0079.jpg,248,204,auto,26,20,240,176
a0080.jpg,190,265,auto,28,5,182,252
a0081.jpg,236,214,auto,13,11,229,182
a0082.jpg,201,251,auto,37,38,177,199
a0083.jpg,321,157,auto,8,14,53,94
a0083.jpg,321,157,auto,30,28,108,116
a0083.jpg,321,157,auto,99,8,236,146
a0083.jpg,321,157,auto,257,14,321,108
a0084.jpg,259,194,auto,62,46,148,129
a0084.jpg,259,194,auto,140,40,257,143
a0085.jpg,301,167,auto,41,44,118,131
a0085.jpg,301,167,auto,115,40,236,143
a0085.jpg,301,167,auto,75,9,159,46
a0086.jpg,275,183,auto,21,42,133,163
a0086.jpg,275,183,auto,158,26,275,143
a0087.jpg,225,225,auto,8,19,223,186
a0088.jpg,327,154,auto,16,17,136,119
a0088.jpg,327,154,auto,198,16,315,131
a0089.jpg,240,210,auto,16,10,236,187
a0090.jpg,275,183,auto,31,47,137,138
a0091.jpg,1300,956,auto,266,179,1063,763
a0092.jpg,2000,1500,auto,15,757,290,1319
a0092.jpg,2000,1500,auto,367,688,723,1244
a0092.jpg,2000,1500,auto,769,554,1257,1154
a0092.jpg,2000,1500,auto,1290,627,1597,1065
a0092.jpg,2000,1500,auto,1706,620,2000,975
a0093.jpg,730,486,auto,36,69,246,383
a0093.jpg,730,486,auto,284,58,423,372
a0093.jpg,730,486,auto,454,58,564,304
a0093.jpg,730,486,auto,561,22,677,248
a0094.png,250,204,auto,51,1,217,195
a0095.png,364,365,auto,50,14,355,321
a0096.jpeg,800,448,auto,135,79,298,285
a0096.jpeg,800,448,auto,2,40,143,279
a0096.jpeg,800,448,auto,300,98,424,304
a0096.jpeg,800,448,auto,482,56,675,274
a0096.jpeg,800,448,auto,662,27,784,284
a0097.jpg,630,352,auto,105,104,268,262
a0097.jpg,630,352,auto,239,114,390,277
a0097.jpg,630,352,auto,19,105,134,252
a0097.jpg,630,352,auto,403,36,519,219
b0001.jpg,660,449,bus,122,42,616,383
b0002.jpg,450,300,bus,163,13,433,259
b0003.jpg,660,352,bus,113,5,660,319
b0004.jpg,720,540,bus,34,21,720,452
b0005.jpg,680,513,bus,67,10,421,429
b0005.jpg,680,513,bus,404,67,680,405
b0006.jpg,1440,960,bus,592,88,1353,657
b0007.gif,0,0,bus,27,86,541,304
b0008.gif,0,0,bus,121,7,565,382
b0009.jpg,400,297,bus,71,105,171,222
b0009.jpg,400,297,bus,166,79,289,225
b0009.jpg,400,297,bus,236,26,400,257
b0010.jpg,980,653,bus,13,180,378,383
b0010.jpg,980,653,bus,365,179,634,377
b0011.jpg,260,166,bus,12,10,149,145
b0011.jpg,260,166,bus,152,5,239,78
b0012.jpg,5184,2250,bus,1794,678,2542,1593
b0012.jpg,5184,2250,bus,2275,759,3705,1845
b0012.jpg,5184,2250,bus,3738,473,5184,1819
b0013.jpg,250,166,bus,68,25,223,150
b0014.jpg,275,183,bus,33,11,248,171
b0015.jpg,260,166,bus,75,50,203,112
b0016.jpg,276,183,bus,34,13,276,163
b0017.jpg,250,250,bus,13,12,244,173
b0018.jpg,250,250,bus,29,44,243,211
b0019.jpg,1280,720,bus,48,55,996,500
b0020.jpg,262,192,bus,12,12,232,159
b0021.jpg,194,259,bus,7,11,194,204
b0022.jpg,300,168,bus,108,43,231,137
b0023.jpg,275,183,bus,25,33,159,130
b0023.jpg,275,183,bus,150,44,267,137
b0024.jpg,292,172,bus,59,13,261,142
b0025.jpg,275,183,bus,30,93,112,155
b0025.jpg,275,183,bus,116,96,175,155
b0025.jpg,275,183,bus,180,73,257,157
b0026.jpg,316,159,bus,123,49,316,143
b0027.jpg,300,168,bus,10,4,196,126
b0027.jpg,300,168,bus,204,6,287,123
b0028.jpg,298,169,bus,17,1,238,112
b0029.jpg,225,225,bus,6,10,225,169
b0030.jpg,370,136,bus,32,48,73,106
b0030.jpg,370,136,bus,84,44,135,106
b0030.jpg,370,136,bus,1,53,32,102
b0030.jpg,370,136,bus,133,48,185,109
b0030.jpg,370,136,bus,252,41,370,114
b0031.jpg,276,183,bus,9,75,130,127
b0031.jpg,276,183,bus,139,79,178,123
b0032.jpg,375,134,bus,132,28,234,109
b0032.jpg,375,134,bus,235,1,375,124
b0033.jpg,290,174,bus,92,17,235,153
b0034.jpg,308,164,bus,25,20,225,128
b0035.jpg,300,168,bus,152,25,300,130
b0036.jpg,281,179,bus,31,5,264,178
b0037.jpg,406,124,bus,104,28,251,102
b0037.jpg,406,124,bus,229,28,356,106
b0038.jpg,331,152,bus,49,41,202,139
b0039.jpg,318,159,bus,6,11,129,146
b0039.jpg,318,159,bus,137,48,216,121
b0039.jpg,318,159,bus,217,64,308,122
b0040.jpg,259,194,bus,4,27,165,161
b0041.jpg,340,148,bus,11,39,115,121
b0041.jpg,340,148,bus,113,69,202,125
b0041.jpg,340,148,bus,217,64,317,129
b0042.jpg,275,183,bus,24,18,257,153
b0043.jpg,253,199,bus,4,4,251,172
b0044.jpg,259,194,bus,27,10,259,154
b0045.jpg,321,157,bus,57,15,298,143
b0046.jpg,259,194,bus,12,39,182,162
b0047.jpg,254,199,bus,20,14,254,167
b0048.jpg,265,190,bus,4,82,85,152
b0048.jpg,265,190,bus,85,58,135,150
b0048.jpg,265,190,bus,137,61,264,167
b0049.jpg,275,183,bus,33,7,244,141
b0050.jpg,262,192,bus,60,12,210,132
b0051.jpg,301,168,bus,16,7,296,131
b0052.jpg,266,190,bus,36,17,266,153
b0053.jpg,259,194,bus,39,16,234,160
b0054.jpg,299,168,bus,65,31,299,125
b0055.jpg,300,168,bus,80,33,247,130
b0056.jpg,277,182,bus,39,31,257,134
b0057.jpg,300,168,bus,70,22,238,140
b0058.jpg,228,221,bus,33,6,214,196
b0059.jpg,211,238,bus,11,45,202,182
b0060.jpg,259,194,bus,23,26,241,154
b0061.jpg,275,183,bus,6,10,114,136
b0062.jpg,321,157,bus,104,3,321,135
b0062.jpg,321,157,bus,56,13,123,116
b0063.jpg,194,259,bus,1,50,172,241
b0064.jpg,300,168,bus,24,21,257,135
b0065.jpg,300,168,bus,8,17,104,121
b0065.jpg,300,168,bus,111,35,164,97
b0066.jpg,259,194,bus,56,24,121,108
b0066.jpg,259,194,bus,95,9,224,125
b0067.jpg,284,177,bus,11,38,78,103
b0067.jpg,284,177,bus,191,23,277,109
b0068.jpg,274,184,bus,11,62,158,158
b0068.jpg,274,184,bus,172,15,221,81
b0069.jpg,305,165,bus,29,37,162,150
b0070.jpg,228,221,bus,1,36,197,161
b0071.jpg,308,164,bus,13,40,98,120
b0071.jpg,308,164,bus,104,31,210,124
b0071.jpg,308,164,bus,182,22,308,134
b0072.jpg,283,178,bus,16,52,82,124
b0072.jpg,283,178,bus,92,7,264,137
b0073.jpg,259,194,bus,14,9,257,171
b0074.jpg,233,216,bus,8,31,200,181
b0075.jpg,227,176,bus,8,27,221,149
b0076.jpg,321,157,bus,5,3,311,128
b0077.jpg,259,194,bus,15,26,253,178
b0078.jpg,262,192,bus,64,1,228,153
b0079.jpg,281,179,bus,29,2,266,177
b0080.jpg,225,225,bus,4,4,214,195
b0081.jpg,271,186,bus,74,18,178,140
b0082.jpg,259,194,bus,38,18,220,149
b0083.jpg,259,194,bus,86,23,259,139
b0084.jpg,281,179,bus,62,47,272,161
b0085.jpg,276,183,bus,42,28,234,157
b0086.jpg,259,194,bus,20,46,86,176
b0086.jpg,259,194,bus,91,21,149,164
b0086.jpg,259,194,bus,164,1,210,136
b0087.jpg,194,259,bus,39,42,194,201
b0088.jpg,318,159,bus,35,4,255,148
b0089.jpg,190,120,bus,13,9,190,100
b0090.jpg,225,225,bus,4,9,225,137
b0091.jpg,236,214,bus,25,1,220,181
b0092.jpg,264,191,bus,25,25,256,166
b0093.jpg,212,238,bus,11,59,212,221
b0094.jpg,189,267,bus,31,109,160,197
b0095.jpg,275,183,bus,43,49,212,158
b0096.jpg,276,183,bus,14,31,220,154
b0096.jpg,276,183,bus,216,50,275,157
b0097.jpg,301,167,bus,29,66,80,134
b0097.jpg,301,167,bus,79,31,164,136
b0097.jpg,301,167,bus,141,30,288,132
b0098.jpg,356,141,bus,8,71,64,109
b0098.jpg,356,141,bus,66,67,102,113
b0098.jpg,356,141,bus,136,72,180,107
b0098.jpg,356,141,bus,207,72,244,110
b0098.jpg,356,141,bus,253,48,328,108
b0099.jpg,342,147,bus,12,62,139,133
b0099.jpg,342,147,bus,164,63,319,130
b0100.jpg,274,184,bus,3,50,143,107
b0101.jpg,340,148,bus,77,51,327,126
b0102.jpg,275,183,bus,10,62,135,147
b0103.jpg,300,168,bus,6,67,47,112
b0103.jpg,300,168,bus,37,68,115,106
b0103.jpg,300,168,bus,121,72,166,109
b0103.jpg,300,168,bus,160,69,209,120
b0103.jpg,300,168,bus,217,61,255,114
b0104.jpg,414,122,bus,4,14,112,118
b0104.jpg,414,122,bus,97,41,229,113
b0105.jpg,414,122,bus,2,1,118,107
b0105.jpg,414,122,bus,119,25,235,104
b0106.jpg,304,166,bus,74,27,263,91
b0107.jpg,369,137,bus,68,28,348,76
b0108.jpg,304,166,bus,27,47,224,131
b0109.jpg,336,150,bus,8,27,137,139
b0109.jpg,336,150,bus,133,47,234,119
b0110.jpg,412,122,bus,7,26,113,116
b0110.jpg,412,122,bus,205,5,404,109
b0111.jpg,276,183,bus,16,103,116,172
b0112.jpg,407,124,bus,7,21,125,98
b0112.jpg,407,124,bus,136,22,217,107
b0112.jpg,407,124,bus,220,27,301,101
b0113.jpg,312,162,bus,111,14,301,146
b0114.jpg,273,185,bus,9,6,101,128
b0114.jpg,273,185,bus,124,31,270,129
b0115.jpg,460,235,bus,75,10,440,208
b0116.jpg,300,225,bus,34,23,272,200
b0117.jpg,472,231,bus,6,7,296,203
b0117.jpg,472,231,bus,325,71,416,159
b0118.jpg,636,330,bus,38,89,259,269
b0118.jpg,636,330,bus,248,102,499,294
b0119.jpg,472,231,bus,87,14,440,224
b0120.jpg,472,231,bus,94,6,471,218
b0121.jpeg,800,448,bus,57,21,768,374
e0001.jpg,275,183,ambulance,38,54,237,147
e0002.jpg,660,440,ambulance,218,130,436,398
e0003.jpg,670,447,ambulance,210,248,370,404
e0004.jpg,291,173,ambulance,11,19,253,145
e0005.jpg,292,172,ambulance,33,20,282,133
e0006.jpg,259,194,ambulance,5,14,228,131
e0007.jpg,276,182,ambulance,4,6,276,129
e0008.jpg,300,168,ambulance,40,4,294,142
e0009.jpg,283,178,ambulance,16,22,277,126
e0010.jpg,300,168,ambulance,13,1,289,145
e0011.jpg,259,194,ambulance,64,43,224,150
e0012.jpg,318,159,ambulance,19,5,318,155
e0013.jpg,331,152,ambulance,67,28,261,117
e0014.jpg,275,183,ambulance,46,15,249,147
e0015.jpg,275,183,ambulance,35,29,264,149
e0016.jpg,300,168,ambulance,70,24,260,105
e0017.jpg,259,194,ambulance,71,67,179,190
e0018.jpg,194,259,ambulance,35,19,194,182
e0019.jpg,194,259,ambulance,15,36,194,182
e0020.jpg,245,206,ambulance,5,3,245,186
e0021.jpg,248,150,ambulance,2,3,248,133
e0022.jpg,225,225,ambulance,1,22,220,155
e0023.jpg,286,176,ambulance,69,7,285,152
e0024.jpg,194,259,ambulance,2,84,88,187
e0024.jpg,194,259,ambulance,101,84,184,175
e0025.jpg,310,163,ambulance,153,36,230,139
e0026.jpg,310,162,ambulance,50,40,173,124
e0027.jpg,299,169,ambulance,118,1,236,120
e0028.jpg,279,181,ambulance,140,10,275,147
e0029.jpg,259,194,ambulance,17,20,243,134
e0030.jpg,297,170,ambulance,41,5,249,154
e0031.jpg,300,168,ambulance,11,1,242,136
e0032.jpg,259,194,ambulance,38,45,241,138
e0033.jpg,255,197,ambulance,10,8,232,154
e0034.jpg,331,152,ambulance,9,65,78,113
e0034.jpg,331,152,ambulance,69,67,131,124
e0034.jpg,331,152,ambulance,126,65,193,128
e0035.jpg,259,194,ambulance,32,2,258,128
e0036.jpg,264,191,ambulance,14,2,252,144
e0037.jpg,300,168,ambulance,8,23,182,144
e0037.jpg,300,168,ambulance,189,14,282,133
e0038.jpg,279,181,ambulance,27,1,262,160
e0039.jpg,250,202,ambulance,29,28,234,187
e0040.jpg,289,175,ambulance,3,1,289,124
e0041.jpg,276,183,ambulance,12,12,270,138
e0042.jpg,275,183,ambulance,14,78,93,177
e0042.jpg,275,183,ambulance,123,73,204,173
e0042.jpg,275,183,ambulance,213,75,275,166
e0042.jpg,275,183,ambulance,191,41,275,93
e0042.jpg,275,183,ambulance,10,66,130,120
e0043.jpg,200,200,ambulance,6,2,199,186
e0044.jpg,277,182,ambulance,44,32,263,155
e0045.jpg,306,164,ambulance,8,3,255,147
e0046.jpg,319,158,ambulance,26,8,290,152
e0047.jpg,243,208,ambulance,13,15,243,134
e0048.jpg,300,168,ambulance,172,29,300,122
e0049.jpg,295,171,ambulance,52,12,230,144
e0050.jpg,273,185,ambulance,31,86,96,145
e0050.jpg,273,185,ambulance,85,79,167,153
e0051.jpg,260,194,ambulance,12,8,236,138
e0052.jpg,274,184,ambulance,3,3,265,131
e0053.jpg,253,199,ambulance,4,2,229,130
e0054.jpg,211,239,ambulance,10,2,196,206
e0055.jpg,249,202,ambulance,16,1,232,173
e0056.jpg,225,225,ambulance,36,26,194,186
e0057.jpg,224,224,ambulance,1,82,221,205
e0058.jpg,194,260,ambulance,6,18,180,183
e0059.jpg,300,168,ambulance,52,1,220,149
e0060.jpg,300,168,ambulance,87,48,219,149
e0061.jpg,225,225,ambulance,12,7,101,98
e0061.jpg,225,225,ambulance,9,114,89,211
e0061.jpg,225,225,ambulance,123,106,213,210
e0061.jpg,225,225,ambulance,121,12,202,102
e0062.jpg,299,168,ambulance,16,6,228,163
e0063.jpg,286,176,ambulance,78,5,205,153
e0064.jpg,279,181,ambulance,7,1,242,160
e0065.jpg,284,177,ambulance,101,50,171,147
e0066.jpg,302,167,ambulance,141,9,271,102
e0067.jpg,275,183,ambulance,81,3,201,158
e0068.jpg,257,196,ambulance,11,10,257,151
e0069.jpg,310,162,ambulance,77,6,232,132
e0070.jpg,260,194,ambulance,57,1,230,171
e0071.jpg,260,194,ambulance,43,42,254,169
e0072.jpg,293,172,ambulance,94,38,176,136
e0073.jpg,310,163,ambulance,135,21,270,116
e0074.jpg,318,159,ambulance,128,26,279,116
e0075.jpg,306,165,ambulance,96,18,238,153
e0076.jpg,300,168,ambulance,6,9,243,159
e0077.jpg,300,168,ambulance,65,1,241,148
e0078.jpg,250,148,ambulance,77,6,250,123
e0079.jpg,259,194,ambulance,10,1,239,167
e0080.jpg,260,194,ambulance,39,1,213,182
e0081.jpg,275,183,ambulance,40,57,214,148
e0082.jpg,275,183,ambulance,6,1,246,169
e0083.jpg,300,168,ambulance,29,67,118,135
e0083.jpg,300,168,ambulance,135,70,212,123
e0084.jpg,292,173,ambulance,35,11,276,155
e0085.jpg,259,194,ambulance,77,42,210,140
e0086.jpg,225,225,ambulance,29,26,217,208
e0087.jpg,275,183,ambulance,25,86,139,169
e0087.jpg,275,183,ambulance,156,69,230,117
e0087.jpg,275,183,ambulance,89,15,130,66
e0088.jpg,225,225,ambulance,71,33,178,150
e0089.jpg,275,183,ambulance,12,42,209,141
e0089.jpg,275,183,ambulance,214,38,271,112
e0090.jpg,280,180,ambulance,41,21,243,134
e0091.jpg,300,168,ambulance,47,61,127,128
e0092.jpg,279,181,ambulance,30,82,234,175
e0093.jpg,278,181,ambulance,56,43,184,162
e0094.jpg,318,159,ambulance,12,32,216,105
e0095.jpg,262,192,ambulance,61,29,237,140
e0096.jpg,301,167,ambulance,52,12,274,145
e0097.jpg,318,159,ambulance,73,1,289,109
e0098.jpg,271,186,ambulance,126,28,261,141
e0099.jpg,600,300,ambulance,134,7,491,291
e0100.jpg,650,359,ambulance,228,80,582,287
f0001.jpg,620,376,bus,213,275,323,355
f0001.jpg,620,376,van,74,248,138,307
f0001.jpg,620,376,auto,380,308,542,368
f0002.jpg,621,414,car,15,255,148,391
f0002.jpg,621,414,car,211,262,326,397
f0002.jpg,621,414,car,73,170,186,255
f0002.jpg,621,414,car,66,76,169,158
f0002.jpg,621,414,car,198,127,311,222
f0002.jpg,621,414,car,370,238,555,373
f0003.jpg,275,183,bus,31,79,109,170
f0003.jpg,275,183,bus,129,74,174,182
f0003.jpg,275,183,bus,117,32,160,71
f0004.jpg,310,163,bus,208,57,265,114
f0004.jpg,310,163,bus,196,24,226,50
f0004.jpg,310,163,bus,45,125,102,158
f0004.jpg,310,163,bus,110,114,164,158
f0005.jpg,290,174,auto,96,97,151,162
f0005.jpg,290,174,car,14,135,81,168
f0005.jpg,290,174,truck,205,56,251,109
f0005.jpg,290,174,auto,115,141,156,172
f0005.jpg,290,174,auto,197,111,253,162
f0006.jpg,301,167,auto,35,84,113,151
f0006.jpg,301,167,car,45,77,113,144
f0006.jpg,301,167,car,134,91,234,156
f0006.jpg,301,167,car,36,28,108,83
f0006.jpg,301,167,car,127,56,184,90
f0006.jpg,301,167,auto,109,35,145,83
f0007.jpg,293,172,car,44,112,88,142
f0007.jpg,293,172,car,103,103,142,133
f0007.jpg,293,172,car,150,101,193,151
f0007.jpg,293,172,car,110,49,198,91
f0007.jpg,293,172,bus,217,57,277,108
f0008.jpg,960,540,car,21,372,176,488
f0008.jpg,960,540,car,263,249,389,365
f0008.jpg,960,540,car,6,277,155,401
f0008.jpg,960,540,auto,292,321,414,465
f0008.jpg,960,540,auto,673,314,891,506
f0008.jpg,960,540,auto,446,145,547,238
f0009.jpg,650,400,van,23,297,167,389
f0009.jpg,650,400,car,198,89,287,363
f0010.jpg,1000,667,car,76,550,172,622
f0010.jpg,1000,667,auto,294,607,394,647
f0010.jpg,1000,667,motorcycle,619,454,694,623
f0011.jpg,1200,748,car,104,354,231,647
f0011.jpg,1200,748,auto,413,297,493,375
f0011.jpg,1200,748,auto,589,267,674,338
f0012.jpg,982,592,car,86,387,214,520
f0012.jpg,982,592,car,340,351,445,485
f0012.jpg,982,592,car,103,251,228,354
f0013.jpg,1500,1120,car,114,715,402,984
f0013.jpg,1500,1120,car,436,715,613,908
f0013.jpg,1500,1120,car,343,602,461,708
f0013.jpg,1500,1120,auto,610,530,680,665
f0013.jpg,1500,1120,auto,854,505,1061,643
f0014.jpg,914,1024,bus,468,426,726,766
f0014.jpg,914,1024,car,152,595,414,1002
f0015.jpeg,410,230,car,54,187,139,223
f0015.jpeg,410,230,car,264,153,389,179
f0015.jpeg,410,230,auto,131,173,170,203
f0015.jpeg,410,230,auto,197,195,240,223
f0016.png,1920,1080,car,501,461,777,736
f0016.png,1920,1080,car,482,289,796,527
f0016.png,1920,1080,auto,854,369,1071,571
f0016.png,1920,1080,bus,1220,21,1682,528
f0017.jpg,759,422,bus,82,138,362,302
f0017.jpg,759,422,bus,370,170,554,286
f0017.jpg,759,422,bus,578,151,691,306
f0018.jpg,600,450,motorcycle,143,334,203,408
f0018.jpg,600,450,car,140,226,180,284
f0018.jpg,600,450,car,260,271,361,328
f0018.jpg,600,450,car,371,217,472,300
f0019.jpg,550,275,car,17,162,121,260
f0019.jpg,550,275,car,197,142,311,223
f0019.jpg,550,275,car,329,170,441,260
f0019.jpg,550,275,auto,98,117,177,186
f0019.jpg,550,275,auto,151,74,223,141
f0019.jpg,550,275,auto,223,39,272,90
f0019.jpg,550,275,auto,305,126,377,206
f0020.jpeg,647,363,bus,30,26,244,260
f0020.jpeg,647,363,bus,253,42,409,249
f0020.jpeg,647,363,bus,412,26,628,238
f0021.jpg,435,575,bus,21,271,198,511
f0021.jpg,435,575,bus,50,148,203,262
f0021.jpg,435,575,bus,211,315,423,555
f0021.jpg,435,575,bus,201,206,355,357
f0021.jpg,435,575,bus,255,82,370,205
f0022.jpg,825,510,motorcycle,81,187,275,402
f0022.jpg,825,510,motorcycle,326,139,447,359
f0022.jpg,825,510,motorcycle,494,196,652,353
f0023.jpg,600,450,motorcycle,91,167,201,413
f0023.jpg,600,450,motorcycle,214,236,375,441
f0023.jpg,600,450,motorcycle,173,103,299,172
f0023.jpg,600,450,car,196,152,306,260
f0024.jpg,800,519,motorcycle,26,81,279,343
f0024.jpg,800,519,motorcycle,316,139,581,339
f0024.jpg,800,519,motorcycle,602,71,800,300
f0025.jpg,1300,956,motorcycle,434,503,737,715
f0025.jpg,1300,956,motorcycle,803,515,992,823
f0025.jpg,1300,956,auto,137,343,317,547
f0025.jpg,1300,956,auto,355,301,530,542
f0025.jpg,1300,956,bus,590,86,1102,523
f0026.jpg,3821,2542,car,970,1256,1495,2036
f0026.jpg,3821,2542,car,259,1320,853,1756
f0026.jpg,3821,2542,car,1762,1300,2225,1828
f0026.jpg,3821,2542,car,1912,1017,2223,1322
f0026.jpg,3821,2542,car,770,1064,1112,1353
f0026.jpg,3821,2542,motorcycle,45,1689,859,2056
f0026.jpg,3821,2542,motorcycle,2817,1331,3548,2167
f0027.jpg,259,194,motorcycle,6,127,91,169
f0027.jpg,259,194,motorcycle,127,146,254,180
f0027.jpg,259,194,car,117,94,147,125
f0027.jpg,259,194,car,154,98,201,136
m0001.jpg,323,156,motorcycle,23,65,90,139
m0001.jpg,323,156,motorcycle,124,4,306,140
m0002.jpg,265,190,motorcycle,9,45,36,114
m0002.jpg,265,190,motorcycle,81,51,140,136
m0002.jpg,265,190,motorcycle,121,53,187,158
m0002.jpg,265,190,motorcycle,199,54,252,142
m0003.jpg,259,194,motorcycle,10,23,57,126
m0003.jpg,259,194,motorcycle,66,1,120,142
m0003.jpg,259,194,motorcycle,123,32,186,149
m0004.jpg,284,177,motorcycle,6,11,71,149
m0004.jpg,284,177,motorcycle,112,2,229,162
m0004.jpg,284,177,motorcycle,246,33,284,150
m0005.jpg,259,194,motorcycle,70,23,186,188
m0006.jpg,285,177,motorcycle,127,18,266,145
m0007.jpg,259,194,motorcycle,97,64,146,174
m0008.jpg,275,183,motorcycle,24,34,141,156
m0009.jpg,275,183,motorcycle,89,75,139,154
m0009.jpg,275,183,motorcycle,160,61,195,135
m0009.jpg,275,183,motorcycle,32,17,52,88
m0010.jpg,315,160,motorcycle,4,67,93,145
m0010.jpg,315,160,motorcycle,158,61,216,140
m0010.jpg,315,160,motorcycle,237,57,303,150
m0010.jpg,315,160,motorcycle,102,30,147,120
m0011.jpg,275,183,motorcycle,110,31,264,140
m0012.jpg,225,225,motorcycle,9,123,62,204
m0012.jpg,225,225,motorcycle,87,121,149,210
m0012.jpg,225,225,motorcycle,159,131,204,218
m0013.jpg,267,189,motorcycle,21,100,55,161
m0013.jpg,267,189,motorcycle,78,82,117,136
m0013.jpg,267,189,motorcycle,125,93,172,174
m0014.jpg,275,183,motorcycle,72,69,112,152
m0014.jpg,275,183,motorcycle,154,93,181,132
m0014.jpg,275,183,motorcycle,183,99,213,152
m0015.jpg,232,218,motorcycle,27,90,78,155
m0015.jpg,232,218,motorcycle,129,78,191,164
m0016.jpg,284,177,motorcycle,31,72,75,141
m0016.jpg,284,177,motorcycle,79,116,120,168
m0016.jpg,284,177,motorcycle,105,65,132,98
m0016.jpg,284,177,motorcycle,222,93,254,147
m0016.jpg,284,177,motorcycle,200,66,232,119
m0016.jpg,284,177,motorcycle,242,36,254,66
m0017.jpg,300,168,motorcycle,21,77,71,151
m0017.jpg,300,168,motorcycle,136,106,211,159
m0017.jpg,300,168,motorcycle,77,97,103,144
m0017.jpg,300,168,motorcycle,222,95,248,148
m0018.jpg,204,246,motorcycle,54,61,137,226
m0019.jpg,275,183,motorcycle,187,67,230,151
m0020.jpg,262,192,motorcycle,88,85,122,134
m0020.jpg,262,192,motorcycle,161,89,207,155
m0020.jpg,262,192,motorcycle,59,63,80,114
m0021.jpg,357,141,motorcycle,40,60,117,111
m0021.jpg,357,141,motorcycle,6,56,58,107
m0021.jpg,357,141,motorcycle,117,56,164,123
m0021.jpg,357,141,motorcycle,190,64,227,113
m0021.jpg,357,141,motorcycle,281,62,324,125
m0022.jpg,337,149,motorcycle,16,55,130,113
m0022.jpg,337,149,motorcycle,149,49,213,128
m0022.jpg,337,149,motorcycle,216,52,333,143
m0023.jpg,310,163,motorcycle,51,9,192,117
m0023.jpg,310,163,motorcycle,150,20,282,104
m0024.jpg,257,196,motorcycle,53,82,126,160
m0024.jpg,257,196,motorcycle,133,71,207,143
m0025.jpg,315,160,motorcycle,41,82,77,120
m0025.jpg,315,160,motorcycle,86,85,128,137
m0025.jpg,315,160,motorcycle,150,77,185,121
m0026.jpg,279,180,motorcycle,43,88,83,144
m0026.jpg,279,180,motorcycle,118,64,180,172
m0026.jpg,279,180,motorcycle,209,86,265,162
m0027.jpg,275,183,motorcycle,39,74,141,148
m0027.jpg,275,183,motorcycle,145,78,257,172
m0028.jpg,299,169,motorcycle,26,63,135,142
m0028.jpg,299,169,motorcycle,184,95,239,158
m0029.jpg,300,168,motorcycle,39,71,87,132
m0029.jpg,300,168,motorcycle,73,65,113,128
m0029.jpg,300,168,motorcycle,103,69,146,131
m0029.jpg,300,168,motorcycle,153,58,204,139
m0030.jpg,174,289,motorcycle,40,108,139,275
m0031.jpg,272,185,motorcycle,35,75,112,143
m0032.jpg,300,168,motorcycle,104,103,136,150
m0032.jpg,300,168,motorcycle,39,103,93,161
m0032.jpg,300,168,motorcycle,144,101,171,136
m0032.jpg,300,168,motorcycle,175,97,228,139
m0033.jpg,645,408,motorcycle,302,135,453,389
m0034.jpg,800,530,motorcycle,60,210,165,390
m0034.jpg,800,530,motorcycle,202,224,289,371
m0034.jpg,800,530,motorcycle,314,206,392,336
u0001.jpg,375,500,truck,70,173,281,460
u0002.jpg,377,500,truck,278,133,353,343
u0003.jpg,500,375,truck,22,169,136,285
u0004.jpg,500,375,truck,280,95,465,317
u0005.jpg,500,333,truck,40,168,363,238
u0006.jpg,500,372,truck,12,138,305,291
u0007.jpg,500,375,truck,106,144,348,258
u0008.jpg,500,231,truck,328,19,493,184
u0009.jpg,500,420,truck,66,1,428,334
u0010.jpg,500,334,truck,209,160,277,186
u0011.jpg,500,375,truck,292,110,307,119
u0012.jpg,500,400,truck,39,91,388,295
u0013.jpg,500,375,truck,75,73,408,254
u0014.jpg,500,337,truck,78,143,382,249
u0015.jpg,500,336,truck,1,50,419,237
u0016.jpg,500,375,truck,40,205,320,308
u0017.jpg,500,375,truck,29,108,475,292
u0018.jpg,500,375,truck,14,80,401,285
u0020.jpg,500,288,truck,20,43,331,241
u0021.jpg,500,375,truck,24,63,261,288
u0022.jpg,500,375,truck,63,59,377,275
u0023.jpg,500,351,truck,22,160,445,308
u0024.jpg,500,348,truck,35,158,346,264
u0025.jpg,500,334,truck,42,185,470,275
u0026.jpg,500,423,truck,35,104,377,316
u0027.jpg,500,375,truck,39,70,439,272
u0028.jpg,500,375,truck,68,112,435,269
u0029.jpg,500,293,truck,6,29,432,238
u0030.jpg,500,375,truck,42,58,437,298
u0031.jpg,500,375,truck,21,26,435,272
u0032.jpg,500,417,truck,29,182,409,317
u0033.jpg,500,375,truck,26,98,294,208
u0034.jpg,500,375,truck,70,56,383,284
u0035.jpg,320,240,truck,14,24,277,205
u0036.jpg,404,500,truck,59,96,238,405
u0037.jpg,400,300,truck,44,99,329,201
u0038.jpg,500,332,truck,36,212,265,277
u0039.jpg,500,375,truck,131,194,284,257
u0040.jpg,395,260,truck,26,56,304,201
u0041.jpg,500,375,truck,103,166,407,261
u0042.jpg,500,400,truck,25,74,285,252
u0043.jpg,500,375,truck,34,56,356,243
u0044.jpg,500,312,truck,30,61,462,206
u0045.jpg,500,335,truck,8,37,486,256
u0046.jpg,500,333,truck,71,50,397,229
u0047.jpg,500,375,truck,151,175,248,218
u0048.jpg,500,378,truck,44,109,385,298
u0049.jpg,500,375,truck,81,50,342,235
u0050.jpg,500,375,truck,9,72,420,357
u0051.jpg,640,480,truck,142,49,493,385
u0052.jpg,500,376,truck,34,72,435,289
u0053.jpg,500,333,truck,19,65,189,220
u0054.jpg,365,274,truck,17,36,276,221
u0055.jpg,500,375,truck,78,61,342,303
u0056.jpg,500,375,truck,183,110,369,297
u0057.jpg,500,364,truck,147,75,403,287
u0058.jpg,500,333,truck,60,39,467,271
u0059.jpg,500,396,truck,27,50,459,330
u0060.jpg,500,334,truck,33,106,410,243
u0061.jpg,500,500,truck,93,84,474,375
u0063.jpg,500,375,truck,98,84,500,301
u0064.jpg,500,371,truck,77,208,418,290
u0065.jpg,375,500,truck,33,107,310,409
u0066.jpg,500,401,truck,29,49,414,327
u0067.jpg,500,400,truck,3,240,168,347
u0068.jpg,637,436,truck,46,29,492,349
u0069.jpg,500,334,truck,34,69,397,274
u0070.jpg,500,375,truck,32,37,378,234
u0071.jpg,500,333,truck,16,117,415,266
u0072.jpg,500,351,truck,56,106,389,270
u0073.jpg,1600,1200,truck,217,144,1402,959
u0074.jpg,320,240,truck,75,67,320,182
u0075.jpg,370,261,truck,88,71,234,193
u0076.jpg,500,375,truck,20,121,470,304
u0077.jpg,500,333,truck,8,69,475,279
u0078.jpg,500,375,truck,45,102,381,314
u0079.jpg,375,500,truck,12,259,312,421
u0080.jpg,500,375,truck,25,96,478,308
u0081.jpg,500,375,truck,8,90,377,280
u0082.jpg,500,375,truck,123,83,318,293
u0083.jpg,500,375,truck,50,52,287,226
u0083.jpg,500,375,truck,1,217,269,348
u0084.jpg,500,337,truck,40,40,431,287
u0085.jpg,500,375,truck,35,133,479,227
u0086.jpg,500,375,truck,48,109,285,304
u0087.jpg,500,489,truck,249,311,304,352
u0088.jpg,512,340,truck,36,44,397,279
u0089.jpg,500,346,truck,67,87,293,270
u0090.jpg,500,375,truck,205,138,414,272
u0091.jpg,500,375,truck,66,50,435,268
u0092.jpg,720,540,truck,53,135,718,432
u0093.jpg,380,285,truck,28,43,269,239
u0094.jpg,500,375,truck,12,192,499,338
u0095.jpg,500,284,truck,31,66,327,234
u0097.jpg,400,301,truck,31,84,345,234
u0098.jpg,500,375,truck,38,56,414,340
u0099.jpg,500,500,truck,16,53,463,465
u0100.jpg,500,333,truck,48,29,461,298
u0101.jpg,400,291,truck,19,82,216,240
u0102.jpg,500,375,truck,55,51,458,352
u0103.jpg,500,333,truck,23,38,275,312
u0104.jpg,500,375,truck,131,90,415,232
u0105.jpg,500,333,truck,91,77,271,288
u0106.jpg,500,393,truck,74,166,359,318
u0107.jpg,500,375,truck,96,118,398,282
u0108.jpg,500,375,truck,22,35,459,284
u0109.jpg,500,375,truck,13,90,339,293
u0110.jpg,500,375,truck,22,102,456,306
u0111.jpg,500,347,truck,18,117,232,276
u0112.jpg,500,375,truck,49,52,407,333
u0113.jpg,500,375,truck,39,129,473,266
u0114.jpg,500,333,truck,81,157,462,275
u0115.jpg,375,500,truck,26,46,357,443
u0116.jpg,500,375,truck,23,57,470,304
u0117.jpg,498,500,truck,24,227,421,379
u0118.jpg,500,375,truck,85,84,275,261
u0119.jpg,500,375,truck,84,202,358,277
u0120.jpg,500,375,truck,69,93,327,259
u0121.jpg,500,375,truck,9,100,211,219
u0123.jpg,500,375,truck,45,85,403,276
u0124.jpg,400,305,truck,64,76,293,273
u0125.jpg,500,332,truck,39,43,373,295
u0126.jpg,500,335,truck,12,146,500,233
u0127.jpg,500,375,truck,31,105,407,313
u0128.jpg,375,500,truck,10,242,160,318
u0129.jpg,500,333,truck,133,121,356,267
u0130.jpg,500,375,truck,15,37,406,340
u0131.jpg,377,500,truck,36,121,312,370
u0132.jpg,500,334,truck,64,91,453,255
u0133.jpg,500,375,truck,41,58,387,268
u0134.jpg,500,385,truck,24,141,191,298
u0135.jpg,500,333,truck,147,114,419,244
u0136.jpg,500,375,truck,156,121,430,278
u0137.jpg,500,375,truck,19,189,167,303
u0137.jpg,500,375,truck,39,44,423,306
u0138.jpg,500,327,truck,252,111,328,224
u0139.jpg,800,532,truck,52,119,748,460
u0140.jpg,500,375,truck,7,34,308,304
u0141.jpg,500,339,truck,31,64,407,267
u0142.jpg,500,294,truck,7,64,190,252
u0142.jpg,500,294,truck,214,104,367,262
u0143.jpg,375,500,dog,22,153,206,272
u0144.jpg,870,492,dog,45,262,563,361
u0145.jpg,620,456,dog,64,6,525,308
u0146.jpg,320,240,dog,25,42,270,193
u0147.jpg,374,500,dog,21,49,368,446
u0148.jpg,500,375,truck,13,91,443,280
u0149.jpg,500,375,truck,42,140,247,293
u0150.jpg,500,429,truck,11,50,455,348
u0151.jpg,500,315,truck,32,72,442,269
u0152.jpg,500,334,truck,101,93,419,251
u0153.jpg,400,266,dog,13,61,316,159
u0154.jpg,500,356,dog,38,32,196,201
u0155.jpg,500,334,dog,35,161,246,232
u0156.jpg,500,375,dog,50,61,455,277
u0157.jpg,500,333,truck,17,84,469,252
u0158.jpg,450,300,truck,38,80,390,227
u0159.jpg,500,375,truck,111,188,356,279
u0159.jpg,500,375,truck,108,113,377,289
u0160.jpg,400,300,truck,20,19,377,265
u0161.jpg,500,375,truck,4,1,341,309
u0162.jpg,550,368,truck,176,7,507,276
u0163.jpg,500,375,truck,79,174,396,273
u0164.jpg,500,333,truck,161,227,298,321
u0165.jpg,500,375,truck,158,103,363,289
u0166.jpg,500,369,truck,54,52,419,278
u0167.jpg,500,375,truck,35,59,408,255
u0168.jpg,375,500,truck,10,216,210,403
u0169.jpg,500,314,truck,13,92,345,184
u0170.jpg,500,333,truck,42,59,493,283
u0171.jpg,500,375,truck,69,102,468,312
u0172.jpg,500,375,truck,137,84,486,200
u0173.jpg,500,340,truck,125,108,374,268
u0174.jpg,500,289,truck,20,104,403,255
u0175.jpg,500,375,truck,17,24,471,269
u0176.jpg,500,375,truck,302,142,496,268
u0176.jpg,500,375,truck,220,137,375,243
u0176.jpg,500,375,truck,37,158,210,245
u0177.jpg,500,375,truck,23,69,440,323
u0178.jpg,375,500,truck,33,9,291,427
u0179.jpg,500,308,truck,71,38,462,264
u0180.jpg,500,333,truck,48,95,326,241
u0181.jpg,500,333,truck,10,1,473,324
u0182.jpg,500,375,truck,226,205,339,254
u0183.jpg,500,375,truck,40,110,488,264
u0184.jpg,350,500,truck,5,71,347,456
u0185.jpg,500,333,truck,85,152,395,252
u0186.jpg,500,334,truck,276,129,376,261
u0187.jpg,500,325,truck,30,57,471,270
u0189.jpg,400,300,truck,27,47,305,241
u0190.jpg,500,375,truck,145,223,311,292
u0191.jpg,500,375,truck,43,115,447,317
u0192.jpg,500,407,truck,47,63,499,355
u0193.jpg,500,400,truck,16,11,500,332
u0194.jpg,500,375,truck,38,116,428,307
u0195.jpg,489,500,truck,113,41,377,272
u0196.jpg,500,375,truck,57,69,405,319
u0197.jpg,500,400,truck,17,194,500,397
u0198.jpg,500,375,truck,51,121,368,290
u0199.jpg,402,500,truck,10,61,349,460
u0200.jpg,500,375,truck,6,94,475,366
u0201.jpg,500,375,truck,38,79,499,346
u0202.jpg,500,375,truck,29,199,323,284
u0203.jpg,500,382,truck,60,212,463,314
u0204.jpg,500,375,truck,67,67,436,282
u0205.jpg,500,375,truck,59,88,316,305
u0206.jpg,500,331,truck,13,53,167,310
u0206.jpg,500,331,truck,158,84,261,306
u0207.jpg,500,335,truck,92,68,166,112
u0207.jpg,500,335,truck,100,80,300,230
u0208.jpg,500,375,truck,247,193,370,262
u0209.jpg,500,333,truck,91,93,239,194
u0210.jpg,500,375,truck,172,144,433,297
u0211.jpg,500,313,truck,42,1,363,235
u0212.jpg,500,375,truck,62,70,298,288
u0213.jpg,500,375,truck,70,263,207,302
u0213.jpg,500,375,tomato soup,123,119,163,154
u0213.jpg,500,375,tomato soup,81,48,439,283
u0214.jpg,500,334,truck,17,9,426,284
u0215.jpg,320,240,truck,28,42,320,205
u0216.jpg,500,375,truck,8,172,359,287
u0217.jpg,500,337,truck,11,216,489,311
u0218.jpg,500,375,truck,38,142,436,291
u0219.jpg,500,363,truck,48,90,383,276
u0220.jpg,375,500,truck,34,221,323,412
u0221.jpg,500,402,truck,20,63,442,294
u0222.jpg,500,375,truck,19,76,244,349
u0222.jpg,500,375,truck,269,221,385,349
u0224.jpg,300,279,truck,41,183,206,243
u0225.jpg,500,333,truck,30,131,400,300
u0226.jpg,500,375,truck,21,143,310,286
u0227.jpg,500,367,truck,37,193,186,282
u0227.jpg,500,367,truck,153,167,462,268
u0228.jpg,500,375,truck,65,76,447,276
u0229.jpg,500,375,truck,19,86,484,327
u0230.jpg,500,333,truck,273,135,469,288
u0231.jpg,500,375,truck,26,35,422,322
u0232.jpg,500,375,truck,175,255,372,325
u0233.jpg,500,333,truck,20,75,476,267
u0234.jpg,500,375,truck,28,105,405,304
u0235.jpg,500,325,truck,187,107,358,236
u0236.jpg,500,333,truck,134,161,443,298
u0237.jpg,500,374,truck,197,62,349,237
u0238.jpg,356,237,truck,29,53,356,209
u0239.jpg,640,480,truck,70,187,492,335
u0240.jpg,500,375,truck,28,48,410,300
u0241.jpg,500,375,truck,48,122,442,276
u0242.jpg,500,375,truck,192,202,287,283
u0243.jpg,500,375,truck,50,179,155,285
u0245.jpg,500,308,truck,8,91,500,280
u0246.jpg,620,456,truck,311,204,578,349
u0247.jpg,500,333,truck,30,17,407,274
u0248.jpg,473,317,truck,71,101,408,237
u0249.jpg,500,375,truck,38,154,319,300
u0250.jpg,500,375,truck,43,75,397,266
u0251.jpg,500,375,truck,7,12,408,308
u0252.jpg,500,323,truck,12,9,464,279
u0253.jpg,660,495,truck,110,33,660,465
u0254.jpg,500,335,truck,64,86,388,214
u0255.jpg,500,358,truck,139,131,353,255
u0256.jpg,500,388,truck,203,225,326,336
u0257.jpg,500,375,truck,34,114,442,301
u0259.jpg,500,375,truck,29,129,206,312
u0259.jpg,500,375,truck,221,62,441,301
u0260.jpg,500,375,truck,42,81,472,248
u0261.jpg,378,500,truck,13,118,310,387
u0262.jpg,500,378,truck,102,53,369,274
u0263.jpg,500,375,truck,105,76,373,355
u0264.jpg,500,375,truck,170,84,479,297
u0265.jpg,500,375,truck,48,69,423,294
u0266.jpg,329,500,truck,19,92,258,417
u0267.jpg,500,375,truck,29,226,318,330
u0268.jpg,500,333,truck,178,51,499,231
u0269.jpg,500,477,truck,10,95,376,455
u0270.jpg,500,281,truck,232,1,445,126
u0271.jpg,225,225,truck,24,6,225,194
u0272.jpg,247,204,truck,4,24,236,186
u0273.jpg,280,160,truck,3,23,131,148
u0273.jpg,280,160,truck,144,66,199,130
u0273.jpg,280,160,truck,205,83,223,130
v0001.jpg,640,360,van,49,24,563,296
v0002.jpg,499,447,van,12,18,486,378
v0003.jpg,500,375,van,29,41,486,322
v0004.jpg,960,720,van,54,65,856,488
v0005.jpg,259,195,van,18,30,243,135
v0006.jpg,268,188,van,2,15,266,165
v0007.jpg,260,189,van,9,1,248,164
v0008.jpg,300,168,van,3,10,193,161
v0008.jpg,300,168,van,199,23,279,106
v0009.jpg,275,183,van,41,75,146,134
v0009.jpg,275,183,van,151,71,223,129
v0009.jpg,275,183,van,10,67,54,118
v0010.jpg,260,194,van,5,10,237,184
v0011.jpg,250,163,van,43,26,109,107
v0011.jpg,250,163,van,98,13,250,135
v0012.jpg,259,194,van,40,32,231,114
v0013.jpg,590,442,van,53,1,551,365
v0014.jpg,275,183,van,12,11,130,145
v0014.jpg,275,183,van,131,13,275,139
v0015.jpg,282,179,van,15,5,263,164
v0016.jpg,278,182,van,30,1,229,169
v0017.jpg,258,195,van,11,9,234,145
v0018.jpg,258,195,van,13,10,231,152
v0019.jpg,274,184,van,64,20,209,144
v0020.jpg,260,194,van,19,45,231,179
v0021.jpg,278,182,van,23,16,257,164
v0022.jpg,279,180,van,7,19,249,163
v0023.jpg,274,184,van,54,1,236,162
v0024.jpg,259,194,van,19,38,185,127
v0025.jpg,300,168,van,62,4,219,155
v0026.jpg,251,201,van,20,2,220,101
v0026.jpg,251,201,van,17,117,156,187
v0026.jpg,251,201,van,163,121,239,192
v0027.jpg,260,194,van,41,1,250,165
v0028.jpg,300,168,van,41,10,213,133
v0029.jpg,208,243,van,13,21,198,199
v0030.jpg,259,194,van,3,1,253,156
v0031.jpg,288,175,van,17,6,234,138
v0032.jpg,251,201,van,19,16,232,148
v0033.jpg,256,197,van,1,16,241,165
v0034.jpg,259,194,van,9,23,243,138
v0035.jpg,252,200,van,18,24,238,161
v0036.jpg,259,194,van,24,20,227,140
v0037.jpg,275,183,van,39,8,226,155
v0038.jpg,241,209,van,53,45,216,179
v0039.jpg,194,259,van,15,13,194,176
v0040.jpg,269,188,van,46,5,251,165
v0041.jpg,194,259,van,11,27,178,201
v0042.jpg,300,168,van,12,6,268,160
v0043.jpg,231,218,van,1,45,124,186
v0044.jpg,307,164,van,36,10,267,124
v0045.jpg,376,134,van,8,12,185,113
v0045.jpg,376,134,van,197,11,376,115
v0046.jpg,283,178,van,18,10,275,147
v0047.jpg,262,174,van,46,1,233,153
v0048.jpg,278,182,van,11,17,192,134
v0049.jpg,259,194,van,7,95,55,155
v0049.jpg,259,194,van,116,92,168,132
v0050.jpg,322,157,van,44,8,253,142
v0051.jpg,177,212,van,8,33,162,182
v0052.jpg,247,204,van,86,19,228,122
v0053.jpg,231,218,van,1,30,230,201
v0054.jpg,275,183,van,7,35,132,125
v0054.jpg,275,183,van,134,51,200,126
v0054.jpg,275,183,van,197,39,271,120
v0055.jpg,329,153,van,6,1,133,135
v0055.jpg,329,153,van,142,4,226,98
v0056.jpg,300,168,van,37,19,261,147
v0057.jpg,262,147,van,42,1,186,131
v0058.jpg,260,194,van,19,22,257,138
v0059.jpg,200,133,van,5,8,189,108
v0060.jpg,800,600,van,86,118,709,461
v0061.jpg,1024,746,van,65,97,959,625
v0062.jpg,660,323,van,10,87,151,214
v0062.jpg,660,323,van,132,90,301,225
v0062.jpg,660,323,van,250,52,592,244
v0063.jpg,562,421,van,98,62,423,313
v0064.jpg,288,384,van,26,6,285,302
v0065.jpg,300,225,van,36,1,262,172
v0066.jpg,562,421,van,83,32,501,399
v0067.jpg,288,384,van,17,26,282,289
v0068.jpg,250,198,van,11,20,236,179
v0069.jpg,250,187,van,24,26,227,157
v0070.jpg,259,195,van,26,20,233,173
